country,state,city,organisation,description,ranking,addressbook_id,organisation,address,city,postalcode,countries_id,phone,fax,pan,email,www,branch_cities_id,note,areacode,bank_addressbook_id,through_addressbook_id,mailto_addressbook_id,cities_id,states_id,currencies_id,web,company,taxno,IncludeInBalanceSheet,InvoiceTo_Addressbook_id,InvoiceOrderNo,rtgs_beneficiary,rtgs_BankAccountNo,rtgs_Bank,rtgs_BankAddress,rtgs_BankBranchCode,rtgs_RtgsBankCode,CountryCode,MailExcel,CompositeReportTypes_id,IndiaOffice,org_mobile,PrintCo,VendorPaymentTerms_id,ServiceTaxRegnNo,Gstin,inv_prefix,ModifiedByUsers_id,ModifiedOn,ReverseCharge,DebitAccountHeads_id,CreditAccountHeads_id,GstVendorTypes_id
India,Rajasthan,Jaipur,Hotel Arya Niwas,Agents,NULL,13,Hotel Arya Niwas,Sansar Chandra Road  Behind Amber Tower,Jaipur,302 001,200,"407 3456, 407 3457",236 1871,AABHS6166E,tarun@aryaniwas.com  reservation@aryaniwas.com  info@aryaniwas.com,www.aryaniwas.com,NULL,,141,NULL,NULL,NULL,176,27,13,0,0,NULL,1,NULL,NULL,NULL,NULL,NULL,NULL,NULL,NULL,NULL,0,NULL,NULL,NULL,0,NULL,AABHS6166EST001,08AABHS6166E1Z2,NULL,4,12/01/20 00:00,0,NULL,NULL,1
India,Tamil Nadu,Mamallapuram,Ideal Beach Resort,Agents,NULL,28,Ideal Beach Resort,East Coast Road,Mamallapuram,603 104,200,"27442240, 27442443",27442243,AAAFI1860N,reservation@idealresort.com,www.idealresort.com,NULL,,44,NULL,374,NULL,259,29,13,1,0,NULL,1,NULL,NULL,NULL,NULL,NULL,NULL,NULL,NULL,NULL,0,NULL,NULL,NULL,0,NULL,NULL,33AAAFI1860N1ZE,NULL,24,07/10/19 00:00,0,NULL,NULL,NULL
India,Rajasthan,Mandawa,Desert Resort,Agents,NULL,53,Desert Resort,Shekhavati  Dist. Jhunjhunu  ,Mandawa,333 704,200,"223 151, 223 245, 223 514",223 515,ABXPD6162A,reservation@castlemandawa.com  anngadmandawa@castlemandawa.com,www.mandawahotels.com,NULL,,1592,NULL,928,928,265,27,13,1,0,NULL,1,NULL,NULL,NULL,NULL,NULL,NULL,NULL,NULL,NULL,0,NULL,NULL,NULL,0,NULL,NULL,08ABXPD6162A1ZO,NULL,4,09/09/20 00:00,0,NULL,NULL,1
India,Uttar Pradesh,Khajuraho,Travel Bureau,Agents,NULL,65,Travel Bureau,Hotel Holiday Inn  Airport Road  ,Khajuraho,471 606,200,"274037, 274387",274037,,tbhjr@sancharnet.in,,NULL,,7686,NULL,775,NULL,154,31,13,0,0,NULL,1,NULL,NULL,NULL,NULL,NULL,NULL,NULL,NULL,NULL,0,NULL,NULL,NULL,0,NULL,NULL,NULL,NULL,NULL,NULL,0,NULL,NULL,NULL
India,West Bengal,Kolkata,Travel Bureau,Agents,NULL,66,Travel Bureau,"3rd Floor, Suite No. 21  9, Crooked Lane   Near Amber Restaurant  ",Kolkata,700 069,200,"22487442, 22481456",22487442,,travelb@cal.vsnl.net.in,,NULL,,33,NULL,775,NULL,69,32,13,0,0,NULL,1,NULL,NULL,NULL,NULL,NULL,NULL,NULL,NULL,NULL,0,NULL,NULL,NULL,0,NULL,NULL,NULL,NULL,NULL,NULL,0,NULL,NULL,NULL
India,Maharashtra,Aurangabad,Aurangabad Tours & Travels P.Ltd.,Agents,NULL,67,Aurangabad Tours & Travels P.Ltd.,"Flat No. 105, Ajay Deep Complex  119-A, N-3, CIDCO  Juna Bazar",Aurangabad,431 210,200,234 1431,2484 597,,salim@aurangabadtours.net,,NULL,,240,NULL,NULL,NULL,173,20,13,0,1,NULL,1,NULL,NULL,NULL,NULL,NULL,NULL,NULL,NULL,NULL,0,NULL,NULL,,0,NULL,NULL,NULL,NULL,4,18/05/18 00:00,0,NULL,NULL,NULL
India,Goa,Goa,Odyssey Tours & Travels Pvt Ltd,Agents,NULL,68,Odyssey Tours & Travels Pvt Ltd,Boa Viagem Road  2/286 Naikavaddo,Calangute,403 516,200,"298 8061, 298 8062",227 7124,,res@odyssey.co.in,www.travellers-palm.com,NULL,,832,NULL,NULL,NULL,139,10,13,0,1,NULL,1,NULL,NULL,NULL,NULL,NULL,NULL,NULL,NULL,NULL,0,NULL,NULL,"227 7720, 227 6941",1,NULL,NULL,NULL,NULL,26,15/01/20 00:00,0,NULL,NULL,NULL
India,Maharashtra,Nagpur,Khemka Travels,Agents,NULL,70,Khemka Travels,"5, Residency Road  Sadar",Nagpur,440 001,200,"2521273, 2533273, 3105444",2542371,,vinod@khemkatravels.com  vinod_ngp@rediffmail.com,www.khemkatravels.com,NULL,,712,NULL,NULL,NULL,294,20,13,0,0,NULL,1,NULL,NULL,NULL,NULL,NULL,NULL,NULL,NULL,NULL,0,NULL,NULL,NULL,0,NULL,NULL,NULL,NULL,NULL,NULL,0,NULL,NULL,NULL
India,Assam,Kaziranga,Wild Grass Resort,Agents,NULL,87,Wild Grass Resort,Kaziranga,Kaziranga,785 109,200,262085,,AAACW5122C,wildgrasskaziranga@gmail.com,www.oldassam.com,NULL,,3776,NULL,271,NULL,217,4,13,1,0,NULL,1,NULL,NULL,NULL,NULL,NULL,NULL,NULL,NULL,NULL,0,NULL,NULL,NULL,0,NULL,NULL,18AAACW5122C2ZP,NULL,24,11/02/19 00:00,0,NULL,NULL,1
India,Goa,Goa,Travel Corporation of India Ltd,Agents,NULL,133,Travel Corporation of India Ltd,Citi Centre  19 Patto Plaza,Panjim,403 001,200,2438 917 / 22 / 23 / 27 / 41,,,,,NULL,flight reservations ph: 2438917,832,NULL,NULL,NULL,139,10,13,0,1,NULL,1,NULL,NULL,NULL,NULL,NULL,NULL,NULL,NULL,NULL,0,NULL,NULL,NULL,0,NULL,NULL,NULL,NULL,NULL,NULL,0,NULL,NULL,NULL
India,Uttar Pradesh,Agra,Travel Bureau,Agents,NULL,138,Travel Bureau,Near Hotel Taj View  Post Box No 124,Agra,282 001,200,"233 0245, 233 1118, 233 0230","233 0206, 233 1219",,travelbureau@vsnl.com  tbagra@vsnl.com,www.travelbureauagra.com,NULL,,562,NULL,775,NULL,2,31,13,0,0,NULL,1,NULL,NULL,NULL,NULL,NULL,NULL,NULL,NULL,NULL,0,NULL,NULL,NULL,0,NULL,NULL,NULL,NULL,NULL,NULL,0,NULL,NULL,NULL
India,Goa,Goa,Vailankanni Auto Hires,Agents,NULL,142,Vailankanni Auto Hires,"A-5, St.Joseph Apartment  Camotim Vaddo, Candolim  ",Goa,403 515,200,"248 9568, 329 0584",248 9047,ABWPD4552F,valankanni@yahoo.co.in  valankanni10@gmail.com      ,,NULL,,832,NULL,NULL,NULL,139,10,13,0,0,NULL,1,NULL,NULL,NULL,NULL,NULL,NULL,NULL,NULL,NULL,0,NULL,NULL,NULL,0,NULL,ABWPD4552FST001,30ABWPD4552F1ZU,NULL,3,08/08/18 00:00,0,NULL,NULL,1
India,Gujarat,Dasada,Desert Coursers,Agents,NULL,197,Desert Coursers,Camp Zainabad  via Patdi,Dasada,382 765,200,250 18/35,241 334,,zainabad@hotmail.com,www.desertcoursers.net,NULL,,2757,NULL,626,NULL,486,11,13,1,0,NULL,1,NULL,NULL,NULL,NULL,NULL,NULL,NULL,NULL,NULL,0,NULL,NULL,NULL,0,NULL,NULL,NULL,NULL,NULL,NULL,0,NULL,NULL,NULL
India,Haryana,Gurgaon,Rimo Expeditions,Agents,NULL,199,Rimo Expeditions,"229, DLF Galleria  DLF Phase IV",Gurgaon,122 002,200,280 6027-29,280 6030,AADCR4663G,reservations@rimoexpeditions.com  info@rimoexpeditions.com,www.rimoexpeditions.com,NULL,"When calling the office numbers from Delhi, the Gurgaon dialling code is: 91and then the number. Office timing 10-6 Mon-Sat",124,NULL,NULL,NULL,447,12,13,0,0,NULL,1,NULL,NULL,NULL,NULL,NULL,NULL,NULL,NULL,NULL,0,NULL,NULL,NULL,0,NULL,NULL,06AADCR4663G1ZD,NULL,3,08/08/18 00:00,0,NULL,NULL,1
India,West Bengal,Darjeeling,Clubside Tours & Travels Pvt Ltd,Agents,NULL,236,Clubside Tours & Travels Pvt Ltd,J. P. Sharma Road,Darjeeling,734 101,200,"2254 646-7, 2255 123",2254 123,AABCC3116F,tours@clubside.in  siliguri@clubside.in,www.clubside.in,NULL,,354,NULL,NULL,NULL,99,32,13,0,1,NULL,1,NULL,NULL,NULL,NULL,NULL,NULL,NULL,NULL,NULL,0,NULL,NULL,NULL,0,NULL,AABCC3116FST001,19AABCC3116F1Z3,NULL,24,20/08/18 00:00,0,NULL,NULL,1
India,Goa,Goa,J.P. Nunes & Sons,Agents,NULL,248,J.P. Nunes & Sons,next to GPO,Panaji,403 001,200,"2223 364, 2222 282, 2222 194",2224 206,,,,NULL,,832,NULL,NULL,NULL,139,10,13,0,0,NULL,1,NULL,NULL,NULL,NULL,NULL,NULL,NULL,NULL,NULL,0,NULL,NULL,NULL,0,NULL,NULL,NULL,NULL,NULL,NULL,0,NULL,NULL,NULL
India,Assam,Guwahati,Wild Grass,Agents,NULL,271,Wild Grass,"c/o Sikha Barua, 2nd Floor   241 R G Barua Road  (Sugam Path corner)",Guwahati,781 024,200,,,AAACW5122C,wildgrasskaziranga@gmail.com,www.oldassam.com,NULL,  ,,NULL,NULL,NULL,135,4,13,0,0,NULL,1,NULL,NULL,NULL,NULL,NULL,NULL,NULL,NULL,NULL,0,NULL,NULL,"99544 16945, 88767 47357",0,NULL,NULL,18AAACW5122C2ZP,NULL,24,10/08/18 00:00,0,NULL,NULL,1
India,Tamil Nadu,Chennai,Ideal Group of Resorts,Agents,NULL,374,Ideal Group of Resorts,"Sagarasree  #4/200, South 1st Cross,  Kabaleeswarar Nagar,  Neelangarai,",Chennai,600 041,200,2449 5161 - 64,2449 5166 / 67,,reservation@idealresort.com,www.idealresort.com,NULL,,44,NULL,NULL,NULL,257,29,13,0,0,NULL,1,NULL,NULL,NULL,NULL,NULL,NULL,NULL,NULL,NULL,0,NULL,NULL,91769 92201,0,NULL,NULL,NULL,NULL,4,13/08/17 00:00,0,NULL,NULL,NULL
India,Rajasthan,Karauli,Bhanwar Vilas Palace,Agents,NULL,395,Bhanwar Vilas Palace,,Karauli,322 241,200,"251 469, 220 024",,AAGHS6092E,bvpkarauli@gmail.com      ,www.karauli.com,NULL,,7464,NULL,NULL,NULL,210,27,13,1,0,NULL,1,NULL,NULL,NULL,NULL,NULL,NULL,NULL,NULL,NULL,0,NULL,NULL,NULL,0,NULL,NULL,08AAGHS6092E1ZW,NULL,4,15/05/20 00:00,0,NULL,NULL,1
India,Rajasthan,Deogarh,Deogarh Mahal,Agents,NULL,401,Deogarh Mahal,Deogarh - Madaria  Distr. Rajsamand,Deogarh,313 331,200,"252 777, 253 333",252 555,AAAFD5965D,info@deogarhmahal.com  reservations@consortiumhotels.org,www.deogarhmahal.com,NULL,,2904,NULL,NULL,NULL,105,27,13,1,0,NULL,1,NULL,NULL,NULL,NULL,NULL,NULL,NULL,NULL,NULL,0,NULL,NULL,NULL,0,NULL,AAAFD5965DST001,08AAAFD5965D1ZJ,NULL,4,07/04/21 00:00,0,NULL,NULL,1
India,Rajasthan,Narlai,Rawla Narlai,Agents,NULL,404,Rawla Narlai,Village Narlai  Near Desuri  Dist.Pali,Narlai,,200,"260 443, 260 425",260 596,AAIFR4008D,crs@rawlanarlai.com  ,http://www.rawlanarlai.com/,NULL,,2934,NULL,NULL,NULL,302,27,13,1,0,NULL,1,NULL,NULL,NULL,NULL,NULL,NULL,NULL,NULL,NULL,0,NULL,NULL,NULL,0,2,AAIFR4008DSD001,08AAIFR4008D1ZH,NULL,4,12/02/19 00:00,0,NULL,NULL,1
India,Bihar,Patna,Travel Bureau,Agents,NULL,608,Travel Bureau,"Room No. 6, Grand Hotel  Fraser Road",Patna,800 001,200,"2224 265, 2206340",2229235,,,,NULL,,612,NULL,775,NULL,324,5,13,0,0,NULL,1,NULL,NULL,NULL,NULL,NULL,NULL,NULL,NULL,NULL,0,NULL,NULL,NULL,0,NULL,NULL,NULL,NULL,NULL,NULL,0,NULL,NULL,NULL
India,Gujarat,Ahmedabad,North West Safaries,Agents,NULL,626,North West Safaries,"92, Kamdhenu Complex  Opposite Sahjanand College  Panjrapole Cross Roads  Ambawadi",Ahmedabad,380 015,200,"2630 2019, 2630 8031",2630 0962,,north_west@eth.net  anilbhagia@northwestsafaries.com  info@northwestsafaries.com,www.ahmedabadcity.com/gondal,NULL,,79,NULL,NULL,NULL,12,11,13,0,0,NULL,1,NULL,NULL,NULL,NULL,NULL,NULL,NULL,NULL,NULL,0,NULL,NULL,NULL,0,NULL,NULL,NULL,NULL,NULL,NULL,0,NULL,NULL,NULL
India,Madhya Pradesh,Gwalior,Travel Bureau,Agents,NULL,629,Travel Bureau,"6/788 Devasheesh Enclave  Near Kailash Vihar,  Phase II, City Centre  ",Gwalior,474 011,200,2233765,,,trvlbrua@sancharnet.in,,NULL,,751,NULL,775,NULL,146,21,13,0,0,NULL,1,NULL,NULL,NULL,NULL,NULL,NULL,NULL,NULL,NULL,0,NULL,NULL,NULL,0,NULL,NULL,NULL,NULL,NULL,NULL,0,NULL,NULL,NULL
India,Uttar Pradesh,Lucknow,Travel Bureau,Agents,NULL,631,Travel Bureau,"A-2/86, Vishal Khand  Gompti Nagar",Lucknow,226 010,200,2392 886,400 3886,,tblucknow@satyam.net.in  tblucknow@airtelmail.in,www.travelbureauagra.com,NULL,,522,NULL,775,NULL,251,31,13,0,0,NULL,1,NULL,NULL,NULL,NULL,NULL,NULL,NULL,NULL,NULL,0,NULL,NULL,NULL,0,NULL,NULL,NULL,NULL,NULL,NULL,0,NULL,NULL,NULL
India,Madhya Pradesh,Jhansi,Travel Bureau,Agents,NULL,699,Travel Bureau,"197, Chand Gate  Nai Basti  ",Jhansi,284 001,200,2449 355,,,tbjhansi@rediffmail.com,,NULL,,510,NULL,775,NULL,188,21,13,0,0,NULL,1,NULL,NULL,NULL,NULL,NULL,NULL,NULL,NULL,NULL,0,NULL,NULL,NULL,0,NULL,NULL,NULL,NULL,NULL,NULL,0,NULL,NULL,NULL
India,Maharashtra,Mumbai,The Orchid,Agents,NULL,730,The Orchid,"Adjacent to Domestic Airport  70-C, Nehru Road  Vile Parle (East)",Mumbai,400 099,200,2616 4040,616 4141,AAACK2912L,resmgr@orchidhotel.com  ,orchidhotel.com,NULL,,22,NULL,NULL,NULL,60,20,13,1,0,NULL,1,NULL,NULL,NULL,NULL,NULL,NULL,NULL,NULL,NULL,0,NULL,NULL,NULL,0,2,NULL,27AAACK2912L1ZK,NULL,3,08/08/18 00:00,0,NULL,NULL,1
India,Goa,Goa,First Class Holidays,Agents,NULL,733,First Class Holidays,"20, Navelcar Trade Centre,   IV Flr. Mahatma Gandhi Road,",Goa,403 001,200,"2420353 / 54, 2232072",,,atish@firstclassholidays.org  info@firstclassholidays.org,,NULL,,832,NULL,NULL,NULL,139,10,13,0,0,NULL,1,NULL,NULL,NULL,NULL,NULL,NULL,NULL,NULL,NULL,0,NULL,NULL,NULL,0,NULL,NULL,NULL,NULL,NULL,NULL,0,NULL,NULL,NULL
India,Kerala,Kochi,Kerala Adventures Pvt. Ltd.,Agents,NULL,751,Kerala Adventures Pvt. Ltd.,"No. 29/931, Kulangara, Lane-11  Shine Road, Vyttila,",Kochi,682 019,200,"230 7544, 3242021",2307544,,touch@keralaadventure.com,,NULL,,484,NULL,2038,NULL,87,16,13,0,0,NULL,1,NULL,NULL,NULL,NULL,NULL,NULL,NULL,NULL,NULL,0,NULL,NULL,NULL,0,NULL,NULL,NULL,NULL,NULL,NULL,0,NULL,NULL,NULL
India,Karnataka,Bangalore,Kerala Adventures Pvt. Ltd.,Agents,NULL,761,Kerala Adventures Pvt. Ltd.,"No. 48 Service Road, 1st Stage, 5th face, Westofchord Road, Rajaji Nager",Bangalore,560 021,200,2548 5938,3121690,,journeys@asianetindia.com,,NULL,,80,NULL,2038,NULL,58,15,13,0,0,NULL,1,NULL,NULL,NULL,NULL,NULL,NULL,NULL,NULL,NULL,0,NULL,NULL,NULL,0,NULL,NULL,NULL,NULL,NULL,NULL,0,NULL,NULL,NULL
India,Tamil Nadu,Chennai,Kerala Adventures Pvt. Ltd.,Agents,NULL,762,Kerala Adventures Pvt. Ltd.,"House 21, Ramamoorthy Street  New Kurinji Nagar, Chrompet",Chennai,600 044,200,,,,comvoyge@vsnl.net,,NULL,,,NULL,2038,NULL,257,29,13,0,0,NULL,1,NULL,NULL,NULL,NULL,NULL,NULL,NULL,NULL,NULL,0,NULL,NULL,NULL,0,NULL,NULL,NULL,NULL,NULL,NULL,0,NULL,NULL,NULL
India,Orissa,Bhubaneswar,Travel Link Pvt Ltd,Agents,NULL,778,Travel Link Pvt Ltd,"5 - B, Saheed Nagar  Hotel Meghdoot Complex",Bhubaneshwar,751 007,200,2546 591- 4,546 595,AAACT9145N,travlink@sancharnet.in  travlinkin@yahoo.co.in  travlink@bsnl.in,www.travellink-india.com,NULL,,674,NULL,NULL,NULL,34,24,13,0,1,NULL,1,NULL,NULL,NULL,NULL,NULL,NULL,NULL,NULL,NULL,0,NULL,NULL,NULL,0,NULL,NULL,21AAACT9145N1Z4,NULL,24,09/08/18 00:00,0,NULL,NULL,1
India,Tamil Nadu,Chennai,Taj Coromandel,Agents,NULL,816,Taj Coromandel,"37, Mahatma Gandhi Road  Nungambakkam",Chennai,600 034,200,6600 2827,6600 2089,AAACO0728N,,http://www.tajhotels.com/Luxury/City-Hotels/Taj-Coromandel-Chennai,NULL,,44,NULL,NULL,NULL,257,29,13,1,0,NULL,1,NULL,NULL,NULL,NULL,NULL,NULL,NULL,NULL,NULL,0,NULL,NULL,NULL,0,NULL,NULL,33AAACO0728N1ZH,NULL,3,08/08/18 00:00,0,NULL,NULL,1
India,Rajasthan,Bharatpur,Laxmi Vilas Palace,Agents,NULL,860,Laxmi Vilas Palace,Kakaji Ki Kothi  Old Agra Road,Bharatpur,321 001,200,"223 523, 231 199",225 259,,reservations@laxmivilas.com  ,www.laxmivilas.com,NULL,,5644,NULL,1991,NULL,42,27,13,1,0,NULL,1,NULL,NULL,NULL,NULL,NULL,NULL,NULL,NULL,NULL,0,NULL,NULL,NULL,0,2,NULL,NULL,NULL,4,13/02/18 00:00,0,NULL,NULL,NULL
India,Rajasthan,Bijaipur,Castle Bijaipur,Agents,NULL,863,Castle Bijaipur,P.O. Bijaipur  Dist. Chittorgarh,Bijaipur,312 001,200,276 351,,,castlebijaipur@gmail.com  hpratapp@hotmail.com  hcbsales@gmail.com  raiesacc@gmail.com  ,www.castlebijaipur.com,NULL,,1472,NULL,NULL,NULL,52,27,13,1,0,NULL,1,NULL,NULL,NULL,NULL,NULL,NULL,NULL,NULL,NULL,0,NULL,NULL,NULL,0,3,NULL,NULL,NULL,4,13/12/18 00:00,0,NULL,NULL,NULL
India,Rajasthan,Chandelao,Chandelao Garh,Agents,NULL,868,Chandelao Garh,Village & Post Chandelao  Distt. Jodhpur,Chandelao,342 006,200,254 5873,254 6662,AJCPS2701H,info@chandelao.com  ,http://www.chandelao.com/,NULL,,291,NULL,2073,NULL,72,27,13,0,0,NULL,1,NULL,NULL,NULL,NULL,NULL,NULL,NULL,NULL,NULL,0,NULL,NULL,NULL,0,NULL,AJCPS2701HSD001,08AJCPS2701H1ZE,NULL,3,08/08/18 00:00,0,NULL,NULL,1
India,Rajasthan,Dungarpur,Udai Bilas Palace,Agents,NULL,873,Udai Bilas Palace,,Dungarpur,314 001,200,230 808,231 008,AEPPS3258F,contact@udaibilaspalace.com,www.udaibilaspalace.com,NULL,,2964,NULL,NULL,NULL,120,27,13,1,0,NULL,1,NULL,NULL,NULL,NULL,NULL,NULL,NULL,NULL,NULL,0,NULL,NULL,,0,2,NULL,08AEPPS3258F1Z2,NULL,24,08/08/18 00:00,0,NULL,NULL,1
India,Rajasthan,Rohet,Rohet Garh,Agents,NULL,909,Rohet Garh,Village P.O. Rohet  Dist. Pali,Rohet,306 401,200,"268 231, 268 531",,,reservations@houseofrohet.com  vipina@houseofrohet.com,www.rohetgarh.com,NULL,,2936,NULL,NULL,NULL,356,27,13,1,0,NULL,1,NULL,NULL,NULL,NULL,NULL,NULL,NULL,NULL,NULL,0,NULL,NULL,NULL,0,NULL,NULL,NULL,NULL,4,06/04/21 00:00,0,NULL,NULL,NULL
India,Rajasthan,Bhenswara,Ravla Bhenswara,Agents,NULL,934,Ravla Bhenswara,P.O. Bhenswara  Tehsil - Ahore  Dist. Jalore,Bhenswara,,200,"222 187, 222 080",222 187,,  ,www.ravlabhenswara.com,NULL,,2978,NULL,3020,NULL,44,27,13,1,0,NULL,1,NULL,NULL,NULL,NULL,NULL,NULL,NULL,NULL,NULL,0,NULL,NULL,"98280 70734, 88903 95971",0,2,NULL,NULL,NULL,4,25/09/19 00:00,0,NULL,NULL,NULL
India,Tamil Nadu,Mudumalai,Jungle Retreat,Agents,NULL,961,Jungle Retreat,Bokkapuram  Masinagudi  P.O. Nilgiri Dist.,Mudumalai,643 223,200,"252 6469, 252 6470, 252 6459",56 469,,bookings@jungleretreat.com,www.jungleretreat.com,NULL,,423,NULL,NULL,NULL,287,29,13,0,0,NULL,1,NULL,NULL,NULL,NULL,NULL,NULL,NULL,NULL,NULL,0,NULL,NULL,NULL,0,NULL,NULL,NULL,NULL,NULL,NULL,0,NULL,NULL,NULL
India,Kerala,Kochi,The Malabar House,Agents,NULL,980,The Malabar House,"1/268, 1/269 Parade Road  Fort Cochin",Kochi,682 001,200,221 6666,221 7777,,info@malabarhouse.com,www.malabarhouse.com,NULL,,484,NULL,NULL,NULL,87,16,13,1,0,NULL,1,NULL,NULL,NULL,NULL,NULL,NULL,NULL,NULL,NULL,0,NULL,NULL,NULL,0,NULL,NULL,NULL,NULL,NULL,NULL,0,NULL,NULL,NULL
India,Karnataka,Nagarhole,Kabini River Lodge,Agents,NULL,1259,Kabini River Lodge,Karapur  Nagarhole National Park,Nagarhole, 571 114,200,264402/03/05,,,,www.junglelodges.com,NULL,,8228,NULL,1238,NULL,295,15,13,1,0,NULL,1,NULL,NULL,NULL,NULL,NULL,NULL,NULL,NULL,NULL,0,NULL,NULL, 94495 99754,0,NULL,NULL,NULL,NULL,4,04/04/20 00:00,0,NULL,NULL,NULL
India,Uttar Pradesh,Varanasi,Travel Partners,Agents,NULL,1281,Travel Partners,"52, Patel Nagar  Mint House Road    ",Varanasi,221 002,200,"2507632, 2502721, 2504049",2504049,,trvlpart@satyam.net.in,,NULL,,542,NULL,775,NULL,417,31,13,0,0,NULL,1,NULL,NULL,NULL,NULL,NULL,NULL,NULL,NULL,NULL,0,NULL,NULL,NULL,0,NULL,NULL,NULL,NULL,NULL,NULL,0,NULL,NULL,NULL
India,Punjab,Amritsar,Raja Tourist Transport Company,Agents,NULL,1336,Raja Tourist Transport Company,"Hotel Ritz Plaza  45, The Mall",Amritsar,143 001,200,"2562836 - 39, 2566818-20",2226657,,transport@rajaamritsar.com,,NULL,,183,NULL,NULL,NULL,18,26,13,0,0,NULL,1,NULL,NULL,NULL,NULL,NULL,NULL,NULL,NULL,NULL,0,NULL,NULL,NULL,0,NULL,NULL,NULL,NULL,NULL,NULL,0,NULL,NULL,NULL
India,Telangana,Hyderabad,Sabharwal Tours,Agents,NULL,1337,Sabharwal Tours,"4-1-970, B1&2 "" PUSHP"",  Ahuja Estate, 3 Aces Complex,   Abid Road ",Hyderabad,500 001,200,"24754312, 24758100",24754508,,hyd2_sabtours@sancharnet.in,www.sabarwalindia.com,NULL,,40,NULL,NULL,NULL,158,37,13,0,0,NULL,1,NULL,NULL,NULL,NULL,NULL,NULL,NULL,NULL,NULL,0,NULL,NULL,NULL,0,NULL,NULL,NULL,NULL,4,21/10/20 00:00,0,NULL,NULL,NULL
India,Madhya Pradesh,Bhopal,Radiant Travels Pvt Ltd,Agents,NULL,1340,Radiant Travels Pvt Ltd,"243 - B, Krishna Palace  M.P Nagar, Zone - I",Bhopal,462 011,200,"255 5800, 255 4411",,,info@radianttravelsmp.com,http://radianttravelsindia.com/,NULL,,755,NULL,NULL,NULL,48,21,13,0,1,NULL,1,NULL,NULL,NULL,NULL,NULL,NULL,NULL,NULL,NULL,0,NULL,NULL,,0,NULL,NULL,NULL,NULL,4,17/05/19 00:00,0,NULL,NULL,NULL
India,Rajasthan,Osian,The Camel Camp Osian,Agents,NULL,1345,The Camel Camp Osian,,Osian,  ,200,"243 7023, 261 0192, 513 2277, 513 2288",243 7023,ASZPS2112C,info@indiasafariclub.com  camelcamposian@yahoo.com  info@camelcamposian.com  ,www.camelcamposian.com,NULL,,291,NULL,1912,NULL,313,27,13,1,0,NULL,1,NULL,NULL,NULL,NULL,NULL,NULL,NULL,NULL,NULL,0,NULL,NULL,NULL,0,NULL,NULL,08ASZPS2112C1ZM,NULL,3,08/08/18 00:00,0,NULL,NULL,1
India,Uttarakhand,Corbett,The Corbett Hideaway,Agents,NULL,1386,The Corbett Hideaway,Zero Garjia  Dhikuli  Via Ramnagar  Dist. Nainital,Corbett,244 715,200,"284132, 284134",284133,,reservations@leisurehotels.in  permita.gogoi@leisurehotels.in  shahzad.aslam@leisurehotels.in  mohit.saini@leisurehotels.in  ,,NULL,,5947,NULL,1883,NULL,89,35,13,1,1,NULL,1,NULL,NULL,NULL,156002100936050,PUNJAB NATIONAL BANK,NULL,KALKAJI DELHI,PUNB0015600,NULL,0,NULL,NULL,NULL,0,NULL,NULL,NULL,NULL,24,31/08/20 00:00,0,NULL,NULL,NULL
India,Gujarat,Ahmedabad,Garha Tours & Travels,Agents,NULL,1439,Garha Tours & Travels,"426 / D, Super Mall  Nr. Navrangpura Tel.Exchange  C. G. Road",Ahmedabad,380 006,200,26463818 - 19,26463819,,gttamd@airtelmail.in  gttamd1@gmail.com,,NULL,,79,NULL,NULL,NULL,12,11,13,0,0,NULL,1,NULL,NULL,NULL,NULL,NULL,NULL,NULL,NULL,NULL,0,NULL,NULL,NULL,0,NULL,NULL,NULL,NULL,NULL,NULL,0,NULL,NULL,NULL
India,Delhi,Delhi,Marico Tours,Agents,NULL,1448,Marico Tours,"Africa Avenue Marg  R K Puram, Sec - 2",Delhi,110 022,200,"2616 5403, 2616 5399",,,maricotours@yahoo.in,,NULL,,11,NULL,NULL,NULL,103,9,13,0,1,NULL,1,NULL,NULL,NULL,NULL,NULL,NULL,NULL,NULL,NULL,0,NULL,NULL,NULL,0,NULL,NULL,NULL,NULL,NULL,NULL,0,NULL,NULL,NULL
India,Delhi,Delhi,Marico Tours,Transporters,NULL,1448,Marico Tours,"Africa Avenue Marg  R K Puram, Sec - 2",Delhi,110 022,200,"2616 5403, 2616 5399",,,maricotours@yahoo.in,,NULL,,11,NULL,NULL,NULL,103,9,13,0,1,NULL,1,NULL,NULL,NULL,NULL,NULL,NULL,NULL,NULL,NULL,0,NULL,NULL,NULL,0,NULL,NULL,NULL,NULL,NULL,NULL,0,NULL,NULL,NULL
India,Telangana,Hyderabad,Taj Banjara,Agents,NULL,1453,Taj Banjara,Road No. 1  Banjara Hills,Hyderabad,500 034,200,66669999,66661070,,banjara.hyderabad@tajhotels.com,"http://www.tajhotels.com/Business/Taj%20Banjara,HYDERABAD/default.htm",NULL,,40,NULL,NULL,NULL,158,37,13,0,0,NULL,1,NULL,NULL,NULL,NULL,NULL,NULL,NULL,NULL,NULL,0,NULL,NULL,NULL,0,NULL,NULL,NULL,NULL,4,21/10/20 00:00,0,NULL,NULL,NULL
India,Tamil Nadu,Madurai,Tour Planners Travel Service,Agents,NULL,1523,Tour Planners Travel Service,"19, North Chitrai Street  2nd Floor, North Tower  ",Madurai,625 001,200,"262 7851, 262 4064, 5375 851",262 4064,,tourplanners@hotmail.com,,NULL,,452,NULL,NULL,NULL,170,29,13,0,0,NULL,1,NULL,NULL,NULL,NULL,NULL,NULL,NULL,NULL,NULL,0,NULL,NULL,NULL,0,NULL,NULL,NULL,NULL,NULL,NULL,0,NULL,NULL,NULL
India,Karnataka,Mysore,Seagull Travels,Agents,NULL,1524,Seagull Travels,"8, Hotel Ramanashree Complex  Bangalore-Nilgiri Road",Mysore,570 001,200,"252 9732, 252 0535, 252 6005, 2435 095",252 0549,,seagulltravels@yahoo.com,www.seagulltravels.net,NULL,,821,NULL,NULL,NULL,293,15,13,0,0,NULL,1,NULL,NULL,NULL,NULL,NULL,NULL,NULL,NULL,NULL,0,NULL,NULL,NULL,0,NULL,NULL,NULL,NULL,NULL,NULL,0,NULL,NULL,NULL
India,Goa,Goa,Agrawals Mandovi Communication,Agents,NULL,1564,Agrawals Mandovi Communication,"Opp. Catering College  406-1, PDA Plots  Alto Porvorim.",Goa,403 521,200,"2417620, 2417621",2417621,,anthony@odyssey.co.in    ,,NULL,,832,NULL,NULL,NULL,139,10,13,0,0,NULL,1,NULL,NULL,NULL,NULL,NULL,NULL,NULL,NULL,NULL,0,NULL,NULL,NULL,0,NULL,NULL,NULL,NULL,NULL,NULL,0,NULL,NULL,NULL
India,Tamil Nadu,Tiruchirappalli,Tour Planners Travel Service,Agents,NULL,1576,Tour Planners Travel Service,,Tiruchirappalli,   ,200,,,,,,NULL,,,NULL,1523,NULL,404,29,13,0,0,NULL,1,NULL,NULL,NULL,NULL,NULL,NULL,NULL,NULL,NULL,0,NULL,NULL,NULL,0,NULL,NULL,NULL,NULL,NULL,NULL,0,NULL,NULL,NULL
India,Ladakh,Leh,Rimo Expeditions,Agents,NULL,1577,Rimo Expeditions,Hotel Kanglha-Chhen Complex  Opposite Police Station,Leh,   ,200,"253348, 253257",,AAMPG7674G,,,NULL,,1982,NULL,199,NULL,169,36,13,0,0,NULL,1,NULL,NULL,NULL,NULL,NULL,NULL,NULL,NULL,NULL,0,NULL,NULL,NULL,0,NULL,NULL,01AAMPG7674G1ZP,NULL,4,17/10/20 00:00,0,NULL,NULL,1
India,Rajasthan,Udaipur,Udai Kothi,Agents,NULL,1861,Udai Kothi,Hanuman Ghat  Outside Chandpol  Near Pichola Lake,Udaipur,313 001,200,243 2810-11,243 0412,ABUPV4516D,info@udaikothi.com,www.udaikothi.com,NULL,,294,NULL,NULL,NULL,407,27,13,1,0,NULL,1,NULL,NULL,NULL,NULL,NULL,NULL,NULL,NULL,NULL,0,NULL,NULL,NULL,0,2,NULL,08ABUPV4516D1Z9,NULL,24,10/08/18 00:00,0,NULL,NULL,1
India,Rajasthan,Jaipur,Bhanwar Vilas Palace,Agents,NULL,1882,Bhanwar Vilas Palace,Karauli House  New Sanganer Road  Sodala,Jaipur,302 019,200,"229 0763, 235 2127",229 2633,NULL,bvpkarauli@gmail.com,www.karauli.com,NULL,NULL,141,NULL,NULL,NULL,176,27,13,0,0,NULL,1,NULL,NULL,NULL,NULL,NULL,NULL,NULL,NULL,NULL,0,NULL,NULL,NULL,0,NULL,NULL,NULL,NULL,NULL,NULL,0,NULL,NULL,NULL
India,Chandigarh,Chandigarh,Cozy Tours Pvt Ltd,Agents,NULL,1892,Cozy Tours Pvt Ltd,S.C.F. 1  Sector 10,Chandigarh,160 010,200,"740850, 741158, 741159, 741770","741 770, 747 525",NULL,NULL,NULL,NULL,NULL,172,NULL,NULL,NULL,165,6,13,0,1,NULL,1,NULL,NULL,NULL,NULL,NULL,NULL,NULL,NULL,NULL,0,NULL,NULL,NULL,0,NULL,NULL,NULL,NULL,NULL,NULL,0,NULL,NULL,NULL
India,Maharashtra,Pune,Girikand Travels Pvt Ltd,Agents,NULL,1893,Girikand Travels Pvt Ltd,"759/90-B, Deccan Gymkhana  Bhandarkar Institute Road",Pune,411 004,200,"5659970, 5653570",5653577,NULL,info@girikand.com,www.girikand.com,NULL,NULL,20,NULL,NULL,NULL,335,20,13,1,1,NULL,1,NULL,NULL,NULL,NULL,NULL,NULL,NULL,NULL,NULL,0,NULL,NULL,NULL,0,NULL,NULL,NULL,NULL,NULL,NULL,0,NULL,NULL,NULL
India,Tamil Nadu,Coimbatore,Je Je Cabs,Agents,NULL,1905,Je Je Cabs,55/2 Sivasamy Road  Opposite Hotel Alankar  Ramnagar,Coimbatore,641 009,200,"232305-06, 236305-06",233402,NULL,NULL,NULL,NULL,NULL,422,NULL,NULL,NULL,85,29,13,0,0,NULL,1,NULL,NULL,NULL,NULL,NULL,NULL,NULL,NULL,NULL,0,NULL,NULL,NULL,0,NULL,NULL,NULL,NULL,NULL,NULL,0,NULL,NULL,NULL
India,Rajasthan,Jaipur,Ghanerao Safari Tours,Agents,NULL,1906,Ghanerao Safari Tours,"B-II/302, Kamal Apartments  Near Ram Mandir  Bani Park",Jaipur,302 006,200,210 209,201 209,NULL,info@horsesafari.com,www.horsesafari.com,NULL,NULL,141,NULL,NULL,NULL,176,27,13,0,0,NULL,1,NULL,NULL,NULL,NULL,NULL,NULL,NULL,NULL,NULL,0,NULL,NULL,NULL,0,NULL,NULL,NULL,NULL,NULL,NULL,0,NULL,NULL,NULL
India,Rajasthan,Sawai Madhopur,Ankur Tours & Travels,Agents,NULL,1927,Ankur Tours & Travels,(Unit of Hotel Ankur Resort)  Ranthambore Road,Sawai Madhopur,322 001,200,"220792, 223303, 220697","223303, 220697",NULL,ankur@ranthambor.com,www.ranthambor.com,NULL,NULL,7462,NULL,NULL,NULL,369,27,13,0,0,NULL,1,NULL,NULL,NULL,NULL,NULL,NULL,NULL,NULL,NULL,0,NULL,NULL,NULL,0,NULL,NULL,NULL,NULL,NULL,NULL,0,NULL,NULL,NULL
India,Chhattisgarh,Jagdalpur,Hotel Rainbow,Agents,NULL,1932,Hotel Rainbow,Sanjay Bazaar,Jagdalpur,494 001,200,221684-85,"224775, 222128",NULL,hotelrainbow@indiatimes.com hotelrainbow@rediffmail.com,NULL,NULL,NULL,7782,NULL,NULL,NULL,449,34,13,1,0,NULL,1,NULL,NULL,NULL,NULL,NULL,NULL,NULL,NULL,NULL,0,NULL,NULL,NULL,0,NULL,NULL,NULL,NULL,NULL,NULL,0,NULL,NULL,NULL
India,West Bengal,Kolkata,Station Kolkata,Agents,NULL,1962,Station Kolkata,"1/1/1, Rani Shankari Lane",Kolkata,700 026,200,"2455 1521, 2485 3475",2485 3475,NULL,vivekrc@stationkolkata.co.in,NULL,NULL,NULL,33,NULL,NULL,NULL,69,32,13,0,0,NULL,1,NULL,NULL,NULL,NULL,NULL,NULL,NULL,NULL,NULL,0,NULL,NULL,NULL,0,NULL,NULL,NULL,NULL,4,24/04/19 00:00,0,NULL,NULL,NULL
India,Orissa,Bhubaneswar,Lipsha Travels,Agents,NULL,1965,Lipsha Travels,"209, 2nd Floor  Nirmala Plaza Commercial Complex  1A Forest Park",Bhubaneswar,751 009,200,"259 5846, 259 5108",259 5081,NULL,lipshatravels@gmail.com   lipshatravels@yahoo.co.uk  aniket32@yahoo.com  ,NULL,NULL,NULL,674,NULL,NULL,NULL,34,24,13,0,1,NULL,1,NULL,NULL,NULL,54017943832,STATE BANK OF MYSORE,NULL,IDICOL HOUSE BHUBANESHWAR,SBMY0040535,NULL,0,NULL,NULL,NULL,0,NULL,NULL,NULL,NULL,24,31/08/20 00:00,0,NULL,NULL,NULL
India,Goa,Goa,Shilpa Naik,Agents,NULL,1971,Shilpa Naik,House No. 429  Virlosa  Bardez,Britona,NULL,200,241 4129,NULL,NULL,NULL,NULL,NULL,NULL,832,NULL,NULL,NULL,139,10,13,0,0,NULL,1,NULL,NULL,NULL,NULL,NULL,NULL,NULL,NULL,NULL,0,NULL,NULL,NULL,0,NULL,NULL,NULL,NULL,24,20/08/18 00:00,0,NULL,NULL,4
India,Karnataka,Hampi,Hampis Boulders Resort,Agents,NULL,1989,Hampis Boulders Resort,Narayanpet  Bandi Harlapur-P.O.  Munirabad-R-S  Koppal District & TQ,Hampi,NULL,200,92426 41551,234686,AAHFT7091F,sales@hampisboulders.com  hampisbouldersresort@gmail.com,NULL,NULL,NULL,,NULL,NULL,NULL,150,15,13,0,0,NULL,1,NULL,NULL,NULL,NULL,NULL,NULL,NULL,NULL,NULL,0,NULL,NULL,NULL,0,2,NULL,29AAHFT7091F1ZR,NULL,26,20/04/20 00:00,0,NULL,NULL,1
India,Rajasthan,Udaipur,Booking Office of Rawla Jojawar,Agents,NULL,2003,Booking Office of Rawla Jojawar,"5-B, Alkapuri  Fateh Sagar Lake  ",Udaipur,313 001,200,2431 701,2431 700,NULL,jojawar@yahoo.com,NULL,NULL,NULL,294,NULL,NULL,NULL,407,27,13,0,1,NULL,1,NULL,NULL,NULL,NULL,NULL,NULL,NULL,NULL,NULL,0,NULL,NULL,NULL,0,NULL,NULL,NULL,NULL,NULL,NULL,0,NULL,NULL,NULL
India,Kerala,Thekkady,Spice Routes,Agents,NULL,2007,Spice Routes,"c/o REDFROG,  Lake Road,  Kumily, Idukki Dist.",Thekkady,685 536,200,"224560, 222760",222 760,NULL,redfrog@dataone.in  ,NULL,NULL,NULL,4869,NULL,NULL,NULL,396,16,13,0,0,NULL,1,NULL,NULL,NULL,NULL,NULL,NULL,NULL,NULL,NULL,0,NULL,NULL,NULL,0,NULL,NULL,NULL,NULL,NULL,NULL,0,NULL,NULL,NULL
India,Himachal Pradesh,Shimla,Band Box Heights & Valleys,Agents,NULL,2015,Band Box Heights & Valleys,"9, The Mall (Scandal Point)",Shimla,171 001,200,"265 8157, 281 3055",280 3055,ACMPB9770C,bboxhv@gmail.com,NULL,NULL,NULL,177,NULL,NULL,NULL,380,13,13,0,0,NULL,1,NULL,NULL,NULL,NULL,NULL,NULL,NULL,NULL,NULL,0,NULL,NULL,NULL,0,NULL,NULL,02ACMPB9770C1ZV,NULL,24,08/08/18 00:00,0,NULL,NULL,1
India,Goa,Goa,Mr Shridhar Naik,Agents,NULL,2031,Mr Shridhar Naik,"Virlosa, Brittona  Bardez",Goa,NULL,200,2414129,NULL,NULL,NULL,NULL,NULL,NULL,832,NULL,NULL,NULL,139,10,13,0,0,NULL,1,NULL,NULL,NULL,NULL,NULL,NULL,NULL,NULL,NULL,0,NULL,NULL,NULL,0,NULL,NULL,NULL,NULL,NULL,NULL,0,NULL,NULL,NULL
India,Delhi,Delhi,Travel Bureau,Agents,NULL,2037,Travel Bureau,A-5C/ 26 B  Janakpuri,New Delhi,110 037,200,25543400,NULL,NULL,travelbu@nda.vsnl.net.in,NULL,NULL,NULL,11,NULL,NULL,NULL,103,9,13,0,0,NULL,1,NULL,NULL,NULL,NULL,NULL,NULL,NULL,NULL,NULL,0,NULL,NULL,NULL,0,NULL,NULL,NULL,NULL,NULL,NULL,0,NULL,NULL,NULL
India,Kerala,Trivandrum,Kerala Adventures Pvt Ltd,Agents,NULL,2038,Kerala Adventures Pvt Ltd,"TJRA 101, Geeth  Golf links Road, Pipinmoodu  Sasthamangalam",Trivandrum,695 010,200,2433397 - 98,231 2008,NULL,touch@keralaadventure.com,www.journeyskerala.com,NULL,NULL,471,NULL,NULL,NULL,403,16,13,0,1,NULL,1,NULL,NULL,NULL,NULL,NULL,NULL,NULL,NULL,NULL,0,NULL,NULL,NULL,0,NULL,NULL,NULL,NULL,NULL,NULL,0,NULL,NULL,NULL
India,Maharashtra,Tadoba,Tigertrails,Agents,NULL,2088,Tigertrails,NULL,Tadoba,NULL,200,,NULL,NULL,info@tigertrails.in,www.tigertrails.in,NULL,NULL,NULL,NULL,2089,NULL,465,20,13,0,1,NULL,1,NULL,NULL,NULL,NULL,NULL,NULL,NULL,NULL,NULL,0,NULL,NULL,NULL,0,NULL,NULL,NULL,NULL,NULL,NULL,0,NULL,NULL,NULL
India,Maharashtra,Nagpur,Tigertrails Jungle Lodges,Agents,NULL,2089,Tigertrails Jungle Lodges,"19, Dandige Layout  Shankar Nagar",Nagpur,440 010,200,"654 1327, 662 7649",NULL,NULL,info@tigertrails.in  amrutd_ngp@sancharnet.in  ,www.tigertrails.in,NULL,NULL,712,NULL,NULL,NULL,294,20,13,0,1,NULL,1,NULL,NULL,NULL,NULL,NULL,NULL,NULL,NULL,NULL,0,NULL,NULL,NULL,0,NULL,NULL,NULL,NULL,NULL,NULL,0,NULL,NULL,NULL
India,Maharashtra,Mumbai,The Gordon House,Agents,NULL,2106,The Gordon House,5 Battery Street  Apollo Bunder  Coloba,Mumbai,400 039,200,6124 5800,2289 4444,AAKCM4707H,salesghh@mars-world.com  neil.nunes@mars-world.com  dmghh@mars-world.com  ,www.ghhotel.com,NULL,NULL,22,NULL,NULL,NULL,60,20,13,0,1,NULL,1,NULL,NULL,NULL,NULL,NULL,NULL,NULL,NULL,NULL,0,NULL,NULL,NULL,0,2,NULL,27AAKCM4707H1ZC,NULL,4,08/10/19 00:00,0,NULL,NULL,1
India,Rajasthan,Sawai Madhopur,The Ranthambhore Bagh,Agents,NULL,2126,The Ranthambhore Bagh,Ranthambhore Road,Sawai Madhopur,322 001,200,"221 728, 224 221, 224 251",NULL,AABCM4164D,tiger@ranthambhorebagh.com  booking@ranthambhorebagh.com,www.ranthambhorebagh.com,NULL,gs@ranthambhorebagh.com                                  ,7462,NULL,NULL,2128,369,27,13,0,0,NULL,1,NULL,NULL,NULL,NULL,NULL,NULL,NULL,NULL,NULL,1,NULL,NULL,NULL,0,NULL,AABCM4164DST001,08AABCM4164D1ZQ,NULL,3,08/08/18 00:00,0,NULL,NULL,1
India,Uttar Pradesh,Agra,Colleague Tours Pvt. Ltd.,Agents,NULL,2136,Colleague Tours Pvt. Ltd.,"Shree Kirpadham Complex  Flat A 2, 1st Floor  Fatehabad Road, Near Taj View Hotel",Agra,282 001,200,"2331362 - 63, 4008895, 6532155",2230840,AADCC4368H,info@colleaguetours.in  reservations@colleaguetours.in,NULL,NULL,NULL,562,NULL,NULL,NULL,2,31,13,NULL,NULL,NULL,1,NULL,NULL,NULL,628705009073,ICICI BANK LTD,NULL,SANJAY PLACE AGRA,ICIC0006287,NULL,0,NULL,NULL,NULL,0,NULL,AADCC4368HST001,09AADCC4368H1ZI,NULL,24,31/08/20 00:00,0,NULL,NULL,1
India,Himachal Pradesh,Manali,Himalayan Adventurers,Agents,NULL,2141,Himalayan Adventurers,Opposite Tourist Information Center  The Mall,Manali,175 131,200,"253050, 252750",252182,NULL,roopunegi@gmail.com  info@himalayanadventurers.com,www.himalayanadventurersindia.com,NULL,NULL,1902,NULL,NULL,NULL,282,13,13,NULL,NULL,NULL,1,NULL,NULL,NULL,73605000010,ICICI BANK LTD,NULL,KULU HP,ICIC0000736,NULL,0,NULL,NULL,NULL,0,NULL,NULL,NULL,NULL,24,03/11/20 00:00,0,NULL,NULL,NULL
India,Himachal Pradesh,Dharamsala,Summit Adventures,Agents,NULL,2144,Summit Adventures,Main Square Bhagsu Nag  Upper Dharamsala  Distt. Kangra,Dharamsala,176 219,200,"221 679, 220 403, 220 405",221 681,ABDPN9828K,office@summit-adventures.net  milap@summit-adventures.net,www.summit-adventures.net,NULL,NULL,1892,NULL,NULL,NULL,112,13,13,NULL,NULL,NULL,1,NULL,NULL,NULL,10219816198,STATE BANK OF INDIA,NULL,MCLEODGANJ DHARAMSALA,SBIN0004250,NULL,0,NULL,NULL,NULL,0,NULL,NULL,02ABDPN9828K1ZE,NULL,24,31/08/20 00:00,0,NULL,NULL,1
India,Rajasthan,Nawalgarh,Apani Dhani Eco-Lodge,Agents,NULL,2148,Apani Dhani Eco-Lodge,,Nawalgarh,333 042,200,222239,224061,NULL,apanidhani@gmail.com,www.apanidhani.com,NULL,NULL,1594,NULL,NULL,NULL,304,27,13,NULL,NULL,NULL,1,NULL,NULL,NULL,NULL,NULL,NULL,NULL,NULL,NULL,0,NULL,NULL,NULL,0,NULL,NULL,NULL,NULL,NULL,NULL,0,NULL,NULL,NULL
India,Rajasthan,Jaipur,Kaustubh Holidays Tours & Travels Pvt Ltd,Transporters,NULL,2170,Kaustubh Holidays Tours & Travels Pvt Ltd,"32, Ist Floor, Gulmohar Marg, Green Park  K-5 Scheme, Queens Road",Jaipur,302 021,200,"235 5217, 235 1310",2355217,AADCK6834C,kaustubhholidays@gmail.com  ,http://www.kaustubhholidays.com,NULL,NULL,141,NULL,NULL,NULL,176,27,13,NULL,NULL,NULL,1,NULL,NULL,NULL,NULL,NULL,NULL,NULL,NULL,NULL,0,NULL,NULL,NULL,0,NULL,NULL,08AFMPS7765M1ZC/08AADCK6834C1ZN,NULL,26,15/01/20 00:00,0,NULL,NULL,1
India,Rajasthan,Jaipur,Kaustubh Holidays Tours & Travels Pvt Ltd,Agents,NULL,2170,Kaustubh Holidays Tours & Travels Pvt Ltd,"32, Ist Floor, Gulmohar Marg, Green Park  K-5 Scheme, Queens Road",Jaipur,302 021,200,"235 5217, 235 1310",2355217,AADCK6834C,kaustubhholidays@gmail.com  ,http://www.kaustubhholidays.com,NULL,NULL,141,NULL,NULL,NULL,176,27,13,NULL,NULL,NULL,1,NULL,NULL,NULL,NULL,NULL,NULL,NULL,NULL,NULL,0,NULL,NULL,NULL,0,NULL,NULL,08AFMPS7765M1ZC/08AADCK6834C1ZN,NULL,26,15/01/20 00:00,0,NULL,NULL,1
India,Rajasthan,Jaipur,Know Well India Tours Pvt Ltd,Agents,NULL,2171,Know Well India Tours Pvt Ltd,"10-Kha-6, Jyoti Nagar,   Lal Kothi Yojana,  Near Sehkar Bhawan,",Jaipur,302005,200,"5110066, 5110055, 2743306",5107670,NULL,tours@knowwellindiatours.com  knowwellindiatours@gmail.com,www.knowelindiatours.com,NULL,NULL,141,NULL,NULL,NULL,176,27,13,NULL,NULL,NULL,1,NULL,NULL,NULL,1205016883,ICICI BANK LTD,NULL,SUBHASH MARG JAIPUR,ICIC0000012,NULL,0,NULL,NULL,NULL,0,NULL,NULL,NULL,NULL,24,31/08/20 00:00,0,NULL,NULL,NULL
India,Rajasthan,Jaipur,Four Seasons (India) Tours,Agents,NULL,2172,Four Seasons (India) Tours,"406 , V - Jai City Point, Ahinsa Circle ,  Subhash Marg , C- Scheme,",Jaipur,302 001,200,"5112605-606, 4002607",5112608,NULL,fourseasons@dil.in  fsitjaipur@airtelmail.in,NULL,NULL,NULL,141,NULL,NULL,NULL,176,27,13,NULL,NULL,NULL,1,NULL,NULL,NULL,NULL,NULL,NULL,NULL,NULL,NULL,0,NULL,NULL,NULL,0,NULL,NULL,NULL,NULL,NULL,NULL,0,NULL,NULL,NULL
India,Tamil Nadu,Mamallapuram,Hotel Sea Breeze,Agents,NULL,2183,Hotel Sea Breeze,"18, Ottawadi Street",Mamallapuram,603 104,200,2744 3035 / 65,27443785,AADFH6489D,seabreezehotel@hotmail.com  seabreezehotel1@gmail.com,www.hotelseabreeze.net,NULL,NULL,44,NULL,NULL,NULL,259,29,13,NULL,NULL,NULL,1,NULL,NULL,NULL,NULL,NULL,NULL,NULL,NULL,NULL,0,NULL,NULL,NULL,0,NULL,NULL,33AADFH6489D1ZE,NULL,24,20/08/18 00:00,0,NULL,NULL,1
India,Rajasthan,Siana,Siana Gardens,Agents,NULL,2200,Siana Gardens,District Jalore,Siana,343 024,200,"240 037, 240 251",240 037,NULL,pradeep@sianaadventures.com,www.sianaadventures.com,NULL,NULL,2973,NULL,NULL,NULL,480,27,13,NULL,NULL,NULL,1,NULL,NULL,NULL,NULL,NULL,NULL,NULL,NULL,NULL,0,NULL,NULL,NULL,0,NULL,NULL,NULL,NULL,NULL,NULL,0,NULL,NULL,NULL
India,Rajasthan,Khempur,Ravla Khempur,Agents,NULL,2202,Ravla Khempur,Village Khempur  District Udaipur,Khempur,313 203,200,237154,NULL,NULL,mail@ravlakhempur.com,www.ravlakhempur.com,NULL,NULL,2955,NULL,NULL,NULL,481,27,13,NULL,NULL,NULL,1,NULL,NULL,NULL,NULL,NULL,NULL,NULL,NULL,NULL,0,NULL,NULL,NULL,0,NULL,NULL,NULL,NULL,NULL,NULL,0,NULL,NULL,NULL
India,Rajasthan,Nawalgarh,Jay Tours,Agents,NULL,2206,Jay Tours,"C/o Apani Dhani Eco Lodge,  Jhunjhunu Road",Nawalgarh,333 042,200,22223,NULL,NULL,apanidhani@gmail.com,NULL,NULL,NULL,1594,NULL,NULL,NULL,304,27,13,NULL,NULL,NULL,1,NULL,NULL,NULL,NULL,NULL,NULL,NULL,NULL,NULL,0,NULL,NULL,NULL,0,NULL,NULL,NULL,NULL,NULL,NULL,0,NULL,NULL,NULL
India,Maharashtra,Mumbai,Garha Tours & Travels,Agents,NULL,2216,Garha Tours & Travels,"104, Atlantic apartment, A Wing  Swami Samarth Nagar  Lokhandwala Complex   Andheri(West)",Mumbai,400 053,200,"2635 0035, 2635 0826, 2635 2126",2630 1197,ABKPS4920L,fit@garhatours.com,NULL,NULL,NULL,22,NULL,NULL,NULL,60,20,13,NULL,NULL,NULL,1,NULL,NULL,NULL,NULL,NULL,NULL,NULL,NULL,NULL,0,NULL,NULL,NULL,0,NULL,NULL,27ABKPS4920L1Z5,NULL,26,24/09/19 00:00,0,NULL,NULL,1
India,Madhya Pradesh,Bandhavgarh,Nature Heritage Resort,Agents,NULL,2217,Nature Heritage Resort,Address:181-Tala,Bandhavgarh,482008,200,2726 5351,NULL,AACCR0848Q,shalinidev66@gmail.com  ,NULL,NULL,NULL,9076,NULL,2218,NULL,22,21,13,NULL,NULL,NULL,1,NULL,NULL,NULL,NULL,NULL,NULL,NULL,NULL,NULL,0,NULL,,NULL,0,NULL,NULL,07AAKPS7532H1ZC,NULL,24,20/08/18 00:00,0,NULL,NULL,1
India,Madhya Pradesh,Kanha,Krishna Jungle Resort,Agents,NULL,2219,Krishna Jungle Resort,Village Mocha  District Mandla,Kanha,NULL,200,"400 4023, 400 4024",241 2253,NULL,shalinidev@airtelmail.in  info@krishnahotels.com,www.jungleresort.in,NULL,NULL,761,NULL,2218,NULL,205,21,13,NULL,NULL,NULL,1,NULL,NULL,NULL,NULL,NULL,NULL,NULL,NULL,NULL,0,NULL,NULL,NULL,0,NULL,NULL,NULL,NULL,NULL,NULL,0,NULL,NULL,NULL
India,Rajasthan,Bharatpur,Birders Inn,Agents,NULL,2241,Birders Inn,Bird Sanctuary Road,Bharatpur,321 001,200,"227 346, 222 830",91-5644-225265,ASBPS1493C,brdinn@yahoo.com  bookings@birdersinn.com,www.birdersinn.com,NULL,NULL,5644,NULL,NULL,NULL,42,27,13,NULL,NULL,NULL,1,NULL,NULL,NULL,NULL,NULL,NULL,NULL,NULL,NULL,0,NULL,NULL,NULL,0,NULL,ASBPS1493CSD002,08ASBPS1493C1ZS,NULL,3,08/08/18 00:00,0,NULL,NULL,1
India,Rajasthan,Jaisalmer,The Guru Kripa Tours,Agents,NULL,2245,The Guru Kripa Tours,C/o Hotel Priya  C.V.Singh Colony,Jaisalmer,345 001,200,"252 755, 254 087, 250 577-Extn.308","254 087, 250 577",APLPS4827F,thegurukripa26@yahoo.com,NULL,NULL,NULL,2992,NULL,NULL,NULL,181,27,13,NULL,NULL,NULL,1,NULL,NULL,NULL,3905002100014100,PUNJAB NATIONAL BANK,NULL,SHIV ROAD JAISALMER,PUNB0390500,NULL,0,NULL,NULL,NULL,0,NULL,,NULL,NULL,24,15/09/20 00:00,0,NULL,NULL,4
India,Gujarat,Dasada,Rann Riders,Agents,NULL,2256,Rann Riders,Dasada  District - Surendranagar,Dasada,382 750,200,"280257, 280457",280457,NULL,reservations@rannriders.com  rann-riders@usa.net,www.rannriders.com,NULL,NULL,2757,NULL,2924,NULL,486,11,13,NULL,NULL,NULL,1,NULL,NULL,NULL,NULL,NULL,NULL,NULL,NULL,NULL,0,NULL,NULL,NULL,0,2,NULL,NULL,NULL,26,26/12/18 00:00,0,NULL,NULL,NULL
India,Rajasthan,Sawai Madhopur,Ranthambhore Forest Resort,Agents,NULL,2271,Ranthambhore Forest Resort,Ranthambhore Road,Sawai Madhopur,322 001,200,221 120,221 122,AACCR8110K,reservations@ranthambhoreforestresort.in      ,www.ranthambhoreforestresort.com,NULL,NULL,7462,NULL,NULL,NULL,369,27,13,NULL,NULL,NULL,1,NULL,NULL,NULL,NULL,NULL,NULL,NULL,NULL,NULL,0,NULL,NULL,NULL,0,NULL,AACCR8110KSD002,08AACCR8110K1ZB,NULL,24,08/08/18 00:00,0,NULL,NULL,1
India,Madhya Pradesh,Bhopal,Rai Travels Pvt Ltd,Agents,NULL,2274,Rai Travels Pvt Ltd,"3, Behind Ramnagar Colony Mandir",Bhopal,462 001,200,"2749456, 2542465",2542465,ADSPR4552R,gopal@raitravels.com  raitrav_bpl@sancharnet.in  ,NULL,NULL,NULL,755,NULL,NULL,NULL,48,21,13,NULL,NULL,NULL,1,NULL,NULL,NULL,NULL,NULL,NULL,NULL,NULL,NULL,0,NULL,NULL,NULL,0,NULL,NULL,23ADSPR4552R1ZM,NULL,24,22/04/19 00:00,0,NULL,NULL,NULL
India,Rajasthan,Barli,Fort Barli,Agents,NULL,2284,Fort Barli,Village Barli  District Ajmer,Barli,NULL,200,"220 0770, 236 0717",NULL,AACFF3462H,service@fortbarli.com  reservations@fortbarli.com,http://www.fortbarli.com,NULL,NULL,141,NULL,NULL,2130,487,27,13,NULL,NULL,NULL,1,NULL,NULL,NULL,NULL,NULL,NULL,NULL,NULL,NULL,0,NULL,NULL,NULL,0,NULL,AACFF3462HSD002,08AACFF3462H1ZJ,NULL,26,10/09/18 00:00,0,NULL,NULL,1
India,Kerala,Kochi,Travelcart India Pvt Ltd,Agents,NULL,2300,Travelcart India Pvt Ltd,Vidhya Vihar Road  Near S H College  Thevara  ,Kochi,682 013,200,2663533 / 2663544/ 2663555,2663 666,AACCT7080N,mail@travelcartindia.com    ,NULL,NULL,NULL,484,NULL,NULL,NULL,87,16,13,NULL,NULL,NULL,1,NULL,NULL,NULL,NULL,NULL,NULL,NULL,NULL,NULL,0,NULL,NULL,NULL,0,NULL,NULL,32AACCT7080N1Z1,NULL,3,08/08/18 00:00,0,NULL,NULL,1
India,Kerala,Alleppey,Emerald Isle,Agents,NULL,2308,Emerald Isle,Kanjooparambil-Manimalathara  Chathurthyakary P.O.,Alleppey,688 511,200,"270 3899, 329 0577",NULL,AFCPJ1485K,info@emeraldislekerala.com  ,www.emeraldislekerala.com,NULL,NULL,477,NULL,NULL,NULL,9,16,13,NULL,NULL,NULL,1,NULL,NULL,NULL,NULL,NULL,NULL,NULL,NULL,NULL,0,NULL,NULL,NULL,0,3,NULL,32AFCPJ1485K1ZJ,NULL,4,25/11/20 00:00,0,NULL,NULL,1
India,Madhya Pradesh,Maheshwar,Ahilya Fort,Agents,NULL,2340,Ahilya Fort,NULL,Maheshwar,451 224,200,273 329,273 203,NULL,info@ahilyafort.com,www.ahilyafort.com,NULL,NULL,7283,NULL,2341,NULL,261,21,13,NULL,NULL,NULL,1,NULL,NULL,NULL,NULL,NULL,NULL,NULL,NULL,NULL,0,NULL,NULL,NULL,0,NULL,NULL,NULL,NULL,NULL,NULL,0,NULL,NULL,NULL
India,Goa,Goa,Dwarka Eco Beach Resort,Agents,NULL,2354,Dwarka Eco Beach Resort,Cola Beach Road  Mattimol  Canacona  Cola Beach,Goa,403 702,200,,NULL,AALFA7785M,dwarkagoa@gmail.com,www.dwarkagoa.com,NULL,NULL,NULL,1335,2355,NULL,139,10,13,NULL,NULL,NULL,1,NULL,NULL,NULL,NULL,NULL,NULL,NULL,NULL,NULL,0,NULL,NULL,"8551056490, 9823957046",0,NULL,NULL,30AALFA7785M2ZY,NULL,4,18/03/19 00:00,0,NULL,NULL,1
India,Gujarat,Moti Virani,Centre for Desert and Ocean (CEDO),Agents,NULL,2363,Centre for Desert and Ocean (CEDO),PO - Moti-Virani  Taluka-Nakhtrana  Kutch  ,Moti Virani,370 665,200,"200025, 221284",NULL,NULL,cedoindia@yahoo.com,www.cedobirding.com,NULL,NULL,2835,NULL,2924,NULL,511,11,13,NULL,NULL,NULL,1,NULL,NULL,NULL,NULL,NULL,NULL,NULL,NULL,NULL,0,NULL,NULL,NULL,0,NULL,NULL,NULL,NULL,26,12/06/19 00:00,0,NULL,NULL,NULL
India,Gujarat,Sasangir,Gir Birding Lodge,Agents,NULL,2365,Gir Birding Lodge,Bhambafod Naka  Junagadh district,Sasangir,362 135,200,295 5140,NULL,NULL,NULL,NULL,NULL,NULL,2877,NULL,626,NULL,368,11,13,NULL,NULL,NULL,1,NULL,NULL,NULL,NULL,NULL,NULL,NULL,NULL,NULL,0,NULL,NULL,NULL,0,2,NULL,NULL,NULL,NULL,NULL,0,NULL,NULL,NULL
India,Tamil Nadu,Madurai,SMTT Holidays,Agents,NULL,2366,SMTT Holidays,"9, Balaji Cross Street  Alagappan Nagar",Madurai,625 003,200,269 4323,NULL,NULL,chennai@smtt.com,NULL,NULL,NULL,452,NULL,2495,NULL,170,29,13,NULL,NULL,NULL,1,NULL,NULL,NULL,NULL,NULL,NULL,NULL,NULL,NULL,0,NULL,NULL,NULL,0,NULL,NULL,NULL,NULL,NULL,NULL,0,NULL,NULL,NULL
India,Rajasthan,Sawai Madhopur,Dev Vilas,Agents,NULL,2383,Dev Vilas,Village Khichipur  Ranthambhore Road,Sawai Madhopur,322 001,200,"252 168, 252 194",252 195,AAGCS2999K,reservations@devvilas.com  sales@devvilas.com,www.devvilas.com,NULL,NULL,7462,NULL,2740,NULL,369,27,13,NULL,NULL,NULL,1,NULL,NULL,NULL,NULL,NULL,NULL,NULL,NULL,NULL,0,NULL,NULL,NULL,0,1,NULL,08AAGCS2999KIZL,NULL,4,29/04/19 00:00,0,NULL,NULL,NULL
India,Karnataka,Bangalore,Darshan Tours & Travels,Agents,NULL,2384,Darshan Tours & Travels,"No.51, 7th Cross  Malleshwaram",Bangalore,560 003,200,2344 5913,2344 1300,NULL,dartra@bgl.vsnl.net.in  isatish@dataone.in,www.darshantravels.com,NULL,NULL,80,NULL,NULL,NULL,58,15,13,NULL,NULL,NULL,1,NULL,NULL,NULL,7805001525,ICICI BANK LTD,NULL,MALLESHWARAM BANGALORE,ICIC0000078,NULL,0,NULL,NULL,NULL,0,NULL,NULL,NULL,NULL,24,03/11/20 00:00,0,NULL,NULL,NULL
India,Delhi,Delhi,Heritage Hideaways,Agents,NULL,2385,Heritage Hideaways,"8/12, West Patel Nagar  2nd Floor",New Delhi,110 008,200,"2588 5709, 2588 9516",NULL,NULL,info@bundelkhandriverside.com,NULL,NULL,NULL,11,NULL,NULL,NULL,103,9,13,NULL,NULL,NULL,1,NULL,NULL,NULL,NULL,NULL,NULL,NULL,NULL,NULL,0,NULL,NULL,NULL,0,NULL,NULL,NULL,NULL,4,31/12/18 00:00,0,NULL,NULL,NULL
India,Uttar Pradesh,Haridwar,India Easy Trip Pvt. Ltd,Agents,NULL,2386,India Easy Trip Pvt. Ltd,Near Narayani Shila Temple  Mayapur Birla Ghat,Haridwar,249 401,200,"326 265, 229 479",229 479,AACCI8524N,travelharidwar@gmail.com  haridwartaxi@gmail.com,"www.shobhittravels.com, www.indiaeasytrip.com",NULL,NULL,1334,NULL,NULL,NULL,152,31,13,NULL,NULL,NULL,1,NULL,NULL,NULL,NULL,NULL,NULL,NULL,NULL,NULL,0,NULL,NULL,"73511 76688, 94101 92179",0,NULL,NULL,05AACCI8524N1ZA,NULL,3,08/08/18 00:00,0,NULL,NULL,1
India,Tamil Nadu,Kodaikanal,Elephant Valley Eco Farm Hotel,Agents,NULL,2392,Elephant Valley Eco Farm Hotel,"Ganesh Puram  Pethuparai (via), Perumal Malai  ",Kodaikanal,624 104,200,,NULL,NULL,,http://dunewellnessgroup.com/elephant-valley-hotel,NULL,NULL,,NULL,2737,NULL,226,29,13,NULL,NULL,NULL,1,NULL,NULL,NULL,NULL,NULL,NULL,NULL,NULL,NULL,0,NULL,NULL,92444 48664,0,NULL,NULL,NULL,NULL,4,30/04/18 00:00,0,NULL,NULL,NULL
India,Chandigarh,Chandigarh,Hotel Western Court,Agents,NULL,2397,Hotel Western Court,"SCO 103-106, Sector 43-B",Chandigarh,NULL,200,455 4455,455 4444,AGYPA0948H,westerncourt@gmail.com  ,www.westerncourthotels.com,NULL,NULL,172,NULL,NULL,NULL,165,6,13,NULL,NULL,NULL,1,NULL,NULL,NULL,NULL,NULL,NULL,NULL,NULL,NULL,0,NULL,NULL,NULL,0,2,NULL,04AGYPA0948H1ZC,NULL,24,09/08/18 00:00,0,NULL,NULL,1
India,Gujarat,Sasangir,Lion Safari Camp,Agents,NULL,2402,Lion Safari Camp,Near Hiraneshwar Check dam  Taluka Talala  Distr. Junagadh,Sasangir,NULL,200,295507-08,285920,NULL,sasangir@campsofindia.com,www.campsofindia.com,NULL,NULL,2877,NULL,2159,NULL,368,11,13,NULL,NULL,NULL,1,NULL,NULL,NULL,NULL,NULL,NULL,NULL,NULL,NULL,0,NULL,NULL,NULL,0,2,NULL,NULL,NULL,NULL,NULL,0,NULL,NULL,NULL
India,West Bengal,Kolkata,Gopa Roy,Agents,NULL,2417,Gopa Roy,"1/1/1, Rani Shankari Lane",Kolkata,700 026,200,2455 1521,2454 9075,NULL,NULL,NULL,NULL,NULL,33,NULL,1962,NULL,69,32,13,NULL,NULL,NULL,1,NULL,NULL,NULL,NULL,NULL,NULL,NULL,NULL,NULL,0,NULL,NULL,NULL,0,NULL,NULL,NULL,NULL,NULL,NULL,0,NULL,NULL,NULL
India,Goa,Goa,Kingfisher Airlines,Agents,NULL,2422,Kingfisher Airlines,"Shop No G-4, 5, 6,  Ground Floor, Glass Tower,  Swami Vivekanand Road,  Opposite Panjim Traffic Cell,  Panjim",Goa,403001,200,2423040 / 41,NULL,NULL,NULL,www.flykingfisher.com,NULL,NULL,832,NULL,NULL,NULL,139,10,13,NULL,NULL,NULL,1,NULL,NULL,NULL,NULL,NULL,NULL,NULL,NULL,NULL,0,NULL,NULL,NULL,0,NULL,NULL,NULL,NULL,NULL,NULL,0,NULL,NULL,NULL
India,Punjab,Amritsar,Summit Adventures,Agents,NULL,2423,Summit Adventures,"Office No 9  1st Floor, Queens Complex  Queens road  (above Friends Dhaba)  Amritsar  Near Golden Temple,",Amritsar,143 001,200,3221355,NULL,NULL,NULL,NULL,NULL,NULL,183,NULL,2144,NULL,18,26,13,NULL,NULL,NULL,1,NULL,NULL,NULL,NULL,NULL,NULL,NULL,NULL,NULL,0,NULL,NULL,NULL,0,NULL,NULL,NULL,NULL,4,18/01/21 00:00,0,NULL,NULL,NULL
India,Karnataka,Nagarhole,"Evolve Back Kuruba Safari Lodge, Kabini",Agents,NULL,2431,"Evolve Back Kuruba Safari Lodge, Kabini",Bheeramballi Village and Post  H. D. Kote Taluk  Mysore District   ,Nagarhole,571 116,200,269 100,269 108,AACCT1334P,kabini@evolveback.com,https://www.evolveback.com/kabini/,NULL,NULL,8228,NULL,2432,NULL,295,15,13,NULL,NULL,NULL,1,NULL,NULL,NULL,NULL,NULL,NULL,NULL,NULL,NULL,0,NULL,NULL,NULL,0,NULL,NULL,29AACCT1334P1ZZ,NULL,24,21/08/18 00:00,0,NULL,NULL,1
India,Karnataka,Hospet,Krishna Palace,Agents,NULL,2434,Krishna Palace,Station Road,Hospet,583 201,200,294 300-14,294 321,AABCH4847G,contact@krishnapalacehotel.com,www.krishnapalacehospet.com,NULL,NULL,8394,NULL,NULL,NULL,156,15,13,NULL,NULL,NULL,1,NULL,NULL,NULL,NULL,NULL,NULL,NULL,NULL,NULL,0,NULL,NULL,NULL,0,2,NULL,29AABCH4847G1ZF,NULL,24,09/08/18 00:00,0,NULL,NULL,1
India,Uttarakhand,Kathgodam,Amrit Tour Planners,Agents,NULL,2440,Amrit Tour Planners,Malla Kathgodam  District Nainital,Kathgodam,263 126,200,NULL,NULL,NULL,amrit. tours@yahoo.co.in,NULL,NULL,NULL,NULL,NULL,NULL,NULL,213,35,13,NULL,NULL,NULL,1,NULL,NULL,NULL,NULL,NULL,NULL,NULL,NULL,NULL,0,NULL,NULL,NULL,0,NULL,NULL,NULL,NULL,NULL,NULL,0,NULL,NULL,NULL
India,Goa,Goa,Casa Severina,Agents,NULL,2442,Casa Severina,"Senhor Francisco Road  Near St. Anthonys Chapel  Gaurovaddo, Calangute",Goa,403 516,200,"227 5696, 227 5697",227 5698,AHLPS3035P,reservations@casaseverina.com  gm@casaseverina.com,www.casaseverina.com,NULL,NULL,832,NULL,NULL,NULL,139,10,13,NULL,NULL,NULL,1,NULL,NULL,NULL,NULL,NULL,NULL,NULL,NULL,NULL,0,NULL,NULL,NULL,0,NULL,AHLPS3035PSD001,30AHLPS3035P1Z1,NULL,24,02/03/20 00:00,0,NULL,NULL,1
India,Tamil Nadu,Chennai,Barefoot Group,Agents,NULL,2464,Barefoot Group,"B-4, RM Towers  108 Chamiers Road",Chennai,600 018,200,2434 1001,2434 2668,NULL,reservations@barefootindia.com,www.barefootindia.com,NULL,NULL,44,NULL,NULL,NULL,257,29,13,NULL,NULL,NULL,1,NULL,NULL,NULL,NULL,NULL,NULL,NULL,NULL,NULL,0,NULL,NULL,NULL,0,NULL,NULL,NULL,NULL,4,21/08/20 00:00,0,NULL,NULL,NULL
India,West Bengal,Darjeeling,Rimo Expeditions,Agents,NULL,2465,Rimo Expeditions,,Darjeeling,NULL,200,,NULL,AAMPG7674G,info@rimoexpeditions.com  alka@rimoexpeditions.com,www.rimoexpeditions.com,NULL,NULL,,NULL,199,NULL,99,32,13,NULL,NULL,NULL,1,NULL,NULL,NULL,NULL,NULL,NULL,NULL,NULL,NULL,0,NULL,NULL,NULL,0,NULL,NULL,NULL,NULL,24,22/01/18 00:00,0,NULL,NULL,NULL
India,West Bengal,Siliguri,Clubside Tours and Travels Pvt. Ltd.,Agents,NULL,2484,Clubside Tours and Travels Pvt. Ltd.,"Greenery Residency,   2nd Floor,   244 / 3 / 367 Nivedita Road,  Pradhan Nagar,",Siliguri,734 003,200,2511123 / 24,NULL,NULL,siliguri@clubside.in  clubside@sancharnet.in  tours@clubside.in  amit@clubside.in,www.clubside.in,NULL,NULL,353,NULL,NULL,NULL,376,32,13,NULL,NULL,NULL,1,NULL,NULL,NULL,NULL,NULL,NULL,NULL,NULL,NULL,0,NULL,NULL,NULL,0,NULL,NULL,NULL,NULL,NULL,NULL,0,NULL,NULL,NULL
India,Rajasthan,Udaipur,Kaustubh Holidays Tours & Travels Pvt Ltd,Agents,NULL,2493,Kaustubh Holidays Tours & Travels Pvt Ltd,NULL,Udaipur,NULL,200,NULL,NULL,NULL,NULL,NULL,NULL,NULL,NULL,NULL,NULL,NULL,407,27,13,NULL,NULL,NULL,1,NULL,NULL,NULL,NULL,NULL,NULL,NULL,NULL,NULL,1,NULL,NULL,NULL,0,NULL,NULL,NULL,NULL,NULL,NULL,0,NULL,NULL,NULL
India,Rajasthan,Udaipur,Kaustubh Holidays Tours & Travels Pvt Ltd,Transporters,NULL,2493,Kaustubh Holidays Tours & Travels Pvt Ltd,NULL,Udaipur,NULL,200,NULL,NULL,NULL,NULL,NULL,NULL,NULL,NULL,NULL,NULL,NULL,407,27,13,NULL,NULL,NULL,1,NULL,NULL,NULL,NULL,NULL,NULL,NULL,NULL,NULL,1,NULL,NULL,NULL,0,NULL,NULL,NULL,NULL,NULL,NULL,0,NULL,NULL,NULL
India,Rajasthan,Jodhpur,Kaustubh Holidays Tours & Travels Pvt Ltd,Agents,NULL,2494,Kaustubh Holidays Tours & Travels Pvt Ltd,NULL,Jodhpur,NULL,200,NULL,NULL,NULL,NULL,NULL,NULL,NULL,NULL,NULL,NULL,NULL,183,27,13,NULL,NULL,NULL,1,NULL,NULL,NULL,NULL,NULL,NULL,NULL,NULL,NULL,1,NULL,NULL,NULL,0,NULL,NULL,NULL,NULL,NULL,NULL,0,NULL,NULL,NULL
India,Rajasthan,Jodhpur,Kaustubh Holidays Tours & Travels Pvt Ltd,Transporters,NULL,2494,Kaustubh Holidays Tours & Travels Pvt Ltd,NULL,Jodhpur,NULL,200,NULL,NULL,NULL,NULL,NULL,NULL,NULL,NULL,NULL,NULL,NULL,183,27,13,NULL,NULL,NULL,1,NULL,NULL,NULL,NULL,NULL,NULL,NULL,NULL,NULL,1,NULL,NULL,NULL,0,NULL,NULL,NULL,NULL,NULL,NULL,0,NULL,NULL,NULL
India,Tamil Nadu,Chennai,SMTT Holidays,Agents,NULL,2495,SMTT Holidays,"16. 1st Floor  Kasturba Nagar  2nd Cross Street,  Adyar  ",Chennai,600 020,200,4211 4666 / 4211 4333,4211 4322,NULL,chennai@smtt.com  arun@smtt.com,www.smtt.com,NULL,NULL,44,NULL,NULL,NULL,257,29,13,NULL,NULL,NULL,1,NULL,NULL,NULL,NULL,NULL,NULL,NULL,NULL,NULL,0,NULL,NULL,NULL,0,NULL,NULL,NULL,NULL,NULL,NULL,0,NULL,NULL,NULL
India,Tamil Nadu,Tiruchirappalli,SMTT Holidays,Agents,NULL,2496,SMTT Holidays,SMTT Holidays  C/o. Hotel Sangam  Collectors office Road  ,Tiruchirappalli,NULL,200,94443 99906,NULL,NULL,     ,NULL,NULL,NULL,NULL,NULL,2495,NULL,404,29,13,NULL,NULL,NULL,1,NULL,NULL,NULL,NULL,NULL,NULL,NULL,NULL,NULL,0,NULL,NULL,NULL,0,NULL,NULL,NULL,NULL,NULL,NULL,0,NULL,NULL,NULL
India,Rajasthan,Ghanerao,Bagha-ka-Bagh,Agents,NULL,2498,Bagha-ka-Bagh,NULL,Ghanerao,NULL,200,9799391882,NULL,NULL,shaktighanerao@hotmail.com,NULL,NULL,NULL,NULL,NULL,874,NULL,137,27,13,NULL,NULL,NULL,1,NULL,NULL,NULL,NULL,NULL,NULL,NULL,NULL,NULL,0,NULL,NULL,NULL,0,NULL,NULL,NULL,NULL,NULL,NULL,0,NULL,NULL,NULL
India,Madhya Pradesh,Indore,Rai Travels Pvt Ltd,Agents,NULL,2501,Rai Travels Pvt Ltd,NULL,Indore,NULL,200,NULL,NULL,NULL,NULL,NULL,NULL,NULL,NULL,NULL,2274,NULL,159,21,13,NULL,NULL,NULL,1,NULL,NULL,NULL,NULL,NULL,NULL,NULL,NULL,NULL,0,NULL,NULL,NULL,0,NULL,NULL,NULL,NULL,NULL,NULL,0,NULL,NULL,NULL
India,Assam,Jorhat,Thengal Manor,Agents,NULL,2510,Thengal Manor,Jalukonibari,Jorhat,NULL,200,NULL,NULL,AABCH3337B,heritagenortheast@gmail.com  uttara@barooahs.in  hne@barooahs.com,www.heritagetourismindia.com,NULL,NULL,NULL,NULL,NULL,NULL,195,4,13,NULL,NULL,NULL,1,NULL,NULL,NULL,NULL,NULL,NULL,NULL,NULL,NULL,0,NULL,NULL,NULL,0,1,NULL,18AABCH3337B1Z1,NULL,26,12/09/19 00:00,0,NULL,NULL,1
India,Assam,Nameri,Wild Mahseer,Agents,NULL,2521,Wild Mahseer,Balipara Division  Addabarie Tea Estate  P.O. Lokra  Sonitpur,Nameri,784 102,200,,NULL,NULL,reservations@wildmahseer.com,www.wildmahseer.com,NULL,NULL,,NULL,NULL,NULL,300,4,13,NULL,NULL,NULL,1,NULL,NULL,NULL,NULL,NULL,NULL,NULL,NULL,NULL,0,NULL,NULL,"60027 19934, 98336 31377",0,NULL,NULL,NULL,NULL,4,12/08/20 00:00,0,NULL,NULL,NULL
India,Assam,Guwahati,Network Travel,Agents,NULL,2523,Network Travel,17 Paltan Bazar  G.S. Road,Guwahati,781 008,200,NULL,273 9693,NULL,networkgroup@satyam.net.in,www.networktravelsindia.net,NULL,NULL,361,NULL,NULL,NULL,135,4,13,NULL,NULL,NULL,1,NULL,NULL,NULL,NULL,NULL,NULL,NULL,NULL,NULL,0,NULL,NULL,NULL,0,NULL,NULL,NULL,NULL,NULL,NULL,0,NULL,NULL,NULL
India,Assam,Jorhat,Saikia Agency,Agents,NULL,2526,Saikia Agency,Kamalabari  Majuli  Jorhat district,Jorhat,785 106,200,NULL,NULL,NULL,DulalSaikia22@yahoo.com,NULL,NULL,NULL,NULL,NULL,NULL,NULL,195,4,13,NULL,NULL,NULL,1,NULL,NULL,NULL,NULL,NULL,NULL,NULL,NULL,NULL,0,NULL,NULL,NULL,0,NULL,NULL,NULL,NULL,NULL,NULL,0,NULL,NULL,NULL
India,Meghalaya,Cherrapunji,Cherrapunjee Holiday Resort,Agents,NULL,2543,Cherrapunjee Holiday Resort,Village Laitkynsew  ,Cherrapunji,793 108,200,NULL,NULL,NULL,cherrapunjee@hotmail.com   ,www.cherrapunjee.com,NULL,NULL,NULL,NULL,271,NULL,443,19,13,NULL,NULL,NULL,1,NULL,NULL,NULL,NULL,NULL,NULL,NULL,NULL,NULL,0,NULL,NULL,NULL,0,NULL,NULL,NULL,NULL,NULL,NULL,0,NULL,NULL,NULL
India,Nagaland,Kohima,Alder Tours & Travels,Agents,NULL,2544,Alder Tours & Travels,A. G. Colony,Kohima,797 001,200,NULL,2244749/2244733,NULL,kevi_aldertoursntravels@rediffmail.com,NULL,NULL,NULL,370,NULL,NULL,NULL,227,23,13,NULL,NULL,NULL,1,NULL,NULL,NULL,NULL,NULL,NULL,NULL,NULL,NULL,0,NULL,NULL,NULL,0,NULL,NULL,NULL,NULL,NULL,NULL,0,NULL,NULL,NULL
India,Mizoram,Aizwal,Omega Travels,Agents,NULL,2545,Omega Travels,Zodin Square  Salvation Army Temple Square Tuikual S  ,Aizwal,796 001,200,"2323548, 2322283",2322283,NULL,omegatravels89@yahoo.co.in,NULL,NULL,NULL,389,NULL,NULL,NULL,6,22,13,NULL,NULL,NULL,1,NULL,NULL,NULL,NULL,NULL,NULL,NULL,NULL,NULL,0,NULL,NULL,NULL,0,NULL,NULL,NULL,NULL,NULL,NULL,0,NULL,NULL,NULL
India,Goa,Goa,Birdres - Amadeus India,Agents,NULL,2548,Birdres - Amadeus India,"608, Shiv Towers  Patto Plaza",Goa,403 001,200,2437439/49/59,2437410,,birdres@odyssey.co.in,NULL,NULL,NULL,832,NULL,NULL,NULL,139,10,13,NULL,NULL,NULL,1,NULL,NULL,NULL,NULL,NULL,NULL,NULL,NULL,NULL,0,NULL,NULL,NULL,0,NULL,NULL,07AAACE6739M1Z9,NULL,26,14/08/19 00:00,0,NULL,NULL,1
India,Jharkhand,Ranchi,Suhana Tours & Travellers,Agents,NULL,2550,Suhana Tours & Travellers,Station Road  Jharkhand,Ranchi,834 001,200,"3293808, 6458808",NULL,NULL,suhana_jharkhandtour@rediffmail.com  suhana_jharkhandtour@yahoo.in,NULL,NULL,NULL,651,NULL,NULL,NULL,171,33,13,NULL,NULL,NULL,1,NULL,NULL,NULL,31170555219,State Bank of India,NULL,NULL,NULL,NULL,0,NULL,NULL,NULL,0,NULL,NULL,NULL,NULL,NULL,NULL,0,NULL,NULL,NULL
India,Goa,Goa,Trail Blazer Tours (India) Pvt Ltd,Agents,NULL,2595,Trail Blazer Tours (India) Pvt Ltd,201-204  2nd Floor  Geras Imperium II  Patto Plaza,Panjim,403001,200,6456473/74,NULL,AACCT6365J,adsouza@tbi.co.in  gsilveira@tbi.co.in  ,NULL,NULL,NULL,832,NULL,NULL,NULL,139,10,13,NULL,NULL,NULL,1,NULL,NULL,NULL,NULL,NULL,NULL,NULL,NULL,NULL,0,NULL,NULL,NULL,0,NULL,NULL,30AACCT6365J1ZB,NULL,24,14/08/18 00:00,0,NULL,NULL,1
India,Chandigarh,Chandigarh,Travel Samurais,Agents,NULL,2607,Travel Samurais,"SCO 139-140, Level I  Sec 9-C, Madhya Marg",Chandigarh,NULL,200,402 9797,NULL,NULL,info@travelsamurais.com,www.travelsamurais.com,NULL,NULL,172,NULL,NULL,NULL,165,6,13,NULL,NULL,NULL,1,NULL,NULL,NULL,NULL,NULL,NULL,NULL,NULL,91,0,NULL,NULL,NULL,0,NULL,NULL,NULL,NULL,NULL,NULL,0,NULL,NULL,NULL
India,Uttar Pradesh,Varanasi,Varanasi Walks,Agents,NULL,2643,Varanasi Walks,C/o Varanasi Walking Tours   1/229 Assi Ghat  Assi Road,Varanasi,221 001,200,7081070222,NULL,ABFPO6253K,varanasiwalks@gmail.com    ,www.varanasiwalks.com  www.facebook.com/KashiWalks,NULL,NULL,,NULL,NULL,NULL,417,31,13,NULL,NULL,NULL,1,NULL,NULL,NULL,NULL,NULL,NULL,NULL,NULL,NULL,0,NULL,NULL,,0,NULL,NULL,09ABFPO6253K1Z8,NULL,3,08/08/18 00:00,0,NULL,NULL,1
India,Rajasthan,Jaipur,Virasat Journeys,Agents,NULL,2644,Virasat Journeys,"OM NIWAS  E - 23, Kaushalya Path,  Durga Marg  Bani Park",Jaipur,302 001,200,5109090/95,5109086,NULL,info@virasatjourneys.com,www.virasatjourneys.com,NULL,NULL,141,NULL,NULL,NULL,176,27,13,NULL,NULL,NULL,1,NULL,NULL,NULL,NULL,NULL,NULL,NULL,NULL,NULL,0,NULL,NULL,NULL,0,NULL,NULL,NULL,NULL,NULL,NULL,0,NULL,NULL,NULL
India,Haryana,Gurgaon,Pugdundee Safaris,Agents,NULL,2650,Pugdundee Safaris,"Unit 404, The Address, Baani  1 Golf Course Road   (Adjoining Double Tree Hilton)  ",Gurgaon,122 011,200,"2570 404, 2970 497, 2571 404",NULL,NULL,enquiry@pugdundeesafaris.com   info@pugdundeesafaris.com  sales@pugdundeesafaris.com,https://www.pugdundeesafaris.com/,NULL,NULL,124,NULL,NULL,NULL,447,12,13,NULL,NULL,NULL,1,NULL,NULL,NULL,NULL,NULL,NULL,NULL,NULL,,0,NULL,NULL,9810 38371,0,NULL,NULL,NULL,NULL,4,30/12/18 00:00,0,NULL,NULL,NULL
India,Madhya Pradesh,Bandhavgarh,Kings Lodge,Agents,NULL,2651,Kings Lodge,Near Tala Gate  Village Rancha  District Umaria,Bandhavgarh,484 661,200,NULL,NULL,NULL,NULL,https://www.kingslodge.in/,NULL,NULL,NULL,NULL,2650,NULL,22,21,13,NULL,NULL,NULL,1,NULL,NULL,NULL,NULL,NULL,NULL,NULL,NULL,NULL,0,NULL,NULL,"94246 42231, 942464 4915",0,NULL,NULL,NULL,NULL,4,30/12/20 00:00,0,NULL,NULL,NULL
India,Delhi,Delhi,Delhi Heritage Walks,Agents,NULL,2658,Delhi Heritage Walks,"190, Kadambari Apartment  Sector 9, Rohini  ",Delhi,110 085,200,NULL,NULL,NULL,info@delhiheritagewalks.com,www.delhiheritagewalks.com,NULL,NULL,NULL,NULL,NULL,NULL,103,9,13,NULL,NULL,NULL,1,NULL,NULL,NULL,31050201415,HDFC,NULL,"KG Marg, New Delhi",NULL,NULL,0,NULL,NULL,NULL,0,NULL,NULL,NULL,NULL,NULL,NULL,0,NULL,NULL,NULL
India,Karnataka,Bangalore,Travelzone,Agents,NULL,2664,Travelzone,"No.25, 2 ND floor, 2 nd Cross,  1st main road , Kasturi ba nagar ,  Bangalore  ",Bangalore,560 026,200,"99802 22022, 99023 11110",NULL,ATLPR9174L,anthony.travelzone@gmail.com,NULL,NULL,NULL,NULL,NULL,NULL,NULL,58,15,13,NULL,NULL,NULL,1,NULL,NULL,NULL,NULL,NULL,NULL,NULL,NULL,NULL,0,NULL,NULL,NULL,0,NULL,NULL,29ATLPR9174L1ZK,NULL,3,08/08/18 00:00,0,NULL,NULL,1
India,Uttar Pradesh,Varanasi,Time Travels & Tours,Agents,NULL,2678,Time Travels & Tours,"52, Patel Nagar  Mint House  ",Varanasi,221 002,200,NULL,NULL,NULL,timetravels2@gmail.com  abidvns@gmail.com,NULL,NULL,NULL,NULL,NULL,NULL,NULL,417,31,13,NULL,NULL,NULL,1,NULL,NULL,NULL,NULL,NULL,NULL,NULL,NULL,NULL,0,NULL,NULL,NULL,0,NULL,NULL,NULL,NULL,NULL,NULL,0,NULL,NULL,NULL
India,West Bengal,Karmi,Karmi Farm,Agents,NULL,2680,Karmi Farm,P.O. Kolbong  Via Bijanbari  ,Karmi,NULL,200,NULL,NULL,NULL,karmifarm@yahoo.co.uk,NULL,NULL,NULL,NULL,NULL,NULL,NULL,594,32,13,NULL,NULL,NULL,1,NULL,NULL,NULL,NULL,NULL,NULL,NULL,NULL,NULL,0,NULL,NULL,NULL,0,NULL,NULL,NULL,NULL,NULL,NULL,0,NULL,NULL,NULL
India,Maharashtra,Aurangabad,Aurangabad Transport & Travels India Pvt Ltd,Agents,NULL,2682,Aurangabad Transport & Travels India Pvt Ltd,"4-17-99, Zaffer Gate Mondha Road  ",Aurangabad,431 001,200,"235 5416, 235 5417",235 5418,AAXPQ8308G,aurangabad@attitours.net,www.attitours.net,NULL,NULL,240,NULL,NULL,NULL,173,20,13,NULL,NULL,NULL,1,NULL,NULL,NULL,NULL,NULL,NULL,NULL,NULL,,0,NULL,NULL,NULL,0,NULL,NULL,27AAXPQ8308G1Z1,NULL,24,16/08/18 00:00,0,NULL,NULL,1
India,West Bengal,Kolkata,Clubside Tours & Travels - Kolkata,Agents,NULL,2683,Clubside Tours & Travels - Kolkata,"Clubside Tours & Travels Pvt Ltd   Suite No. 03, 2nd Floor  75 C Park Street,  ",Kolkata,700 016,200,22643937 / 64539646,,AABCC3116F,kolkata@clubside.in  sumit@clubside.in,NULL,NULL,NULL,33,NULL,NULL,NULL,69,32,13,NULL,NULL,NULL,1,NULL,NULL,NULL,NULL,NULL,NULL,NULL,NULL,NULL,0,NULL,NULL,NULL,0,NULL,NULL,19AABCC3116F1Z3,NULL,4,29/01/21 00:00,0,NULL,NULL,1
India,Uttar Pradesh,Varanasi,Steps India Tours,Agents,NULL,2694,Steps India Tours,Bungalow No. 43  Near Head Post Office  Cantonment,Varanasi,221 002,200,2500361,NULL,ABZFS4268E,stepsindiatours@gmail.com  anjeshchandra@yahoo.com,NULL,NULL,NULL,542,NULL,NULL,NULL,417,31,13,NULL,NULL,NULL,1,NULL,NULL,NULL,NULL,NULL,NULL,NULL,NULL,NULL,0,NULL,NULL,NULL,0,NULL,NULL,09ABZFS4268E1ZF,NULL,24,09/08/18 00:00,0,NULL,NULL,1
India,Madhya Pradesh,Kanha,Kanha Earth Lodge,Agents,NULL,2700,Kanha Earth Lodge,P.O. Sarekha  Narna,Kanha,481 111,200,9810192192,NULL,NULL,,https://www.kanhaearthlodge.com,NULL,NULL,NULL,NULL,2650,NULL,205,21,13,NULL,NULL,NULL,1,NULL,NULL,NULL,NULL,NULL,NULL,NULL,NULL,NULL,0,NULL,NULL,NULL,0,NULL,NULL,NULL,NULL,4,30/12/18 00:00,0,NULL,NULL,NULL
India,Uttarakhand,Haridwar,Shobit Travels,Agents,NULL,2716,Shobit Travels,Near Narayani Shila Temple Devopura  Mayapur,Haridwar,249 401,200,326265/229479,NULL,NULL,haridwartaxi@gmail.com   info@indiaeasytrip.com  indiaeasytrip@gmail.com,NULL,NULL,NULL,NULL,NULL,NULL,NULL,152,35,13,NULL,NULL,NULL,1,NULL,NULL,NULL,NULL,NULL,NULL,NULL,NULL,1334,0,NULL,NULL,NULL,0,NULL,NULL,NULL,NULL,NULL,NULL,0,NULL,NULL,NULL
India,Karnataka,Hampi,Uramma Heritage Homes,Agents,NULL,2717,Uramma Heritage Homes,,Hampi,583 227,200,"267 777, 267792",NULL,ACGPS5812C,urammahh@gmail.com  ,NULL,NULL,NULL,NULL,NULL,NULL,NULL,150,15,13,NULL,NULL,NULL,1,NULL,NULL,NULL,NULL,NULL,NULL,NULL,NULL,8533,0,NULL,NULL,9448284658,0,2,NULL,29ACGPS5812C1ZL,NULL,4,30/07/20 00:00,0,NULL,NULL,1
India,Rajasthan,Sawai Madhopur,Hotel Ranthambhore Regency,Agents,NULL,2725,Hotel Ranthambhore Regency,Ranthambore Road,Sawai Madhopur,322 001,200,"223456, 221176, 223606",221672,NULL,regency@Ranthambhor.com   ranthambhoreregency@gmail.com,http://www.ranthambhor.com,NULL,NULL,7462,NULL,NULL,NULL,369,27,13,NULL,NULL,NULL,1,NULL,NULL,NULL,NULL,NULL,NULL,NULL,NULL,NULL,0,NULL,NULL,NULL,0,NULL,NULL,NULL,NULL,4,07/04/21 00:00,0,NULL,NULL,NULL
India,Madhya Pradesh,Kanha,Courtyard House,Agents,NULL,2733,Courtyard House,Kanha,Kanha,NULL,200,9810192192,NULL,NULL,shalinidev66@gmail.com  shalinidev@airtelmail.in,NULL,NULL,NULL,NULL,NULL,2218,NULL,205,21,13,NULL,NULL,NULL,1,NULL,NULL,NULL,NULL,NULL,NULL,NULL,NULL,NULL,0,NULL,NULL,NULL,0,NULL,NULL,NULL,NULL,4,28/12/20 00:00,0,NULL,NULL,NULL
India,Delhi,Delhi,Indian Historical Hospitality,Agents,NULL,2740,Indian Historical Hospitality,"A 88/6, 2nd Floor, Road No. 2  Mahipalpur Extension",Delhi,110 037,200,2678 1240,NULL,NULL,hhplsales@gmail.com  delhiihh@gmail.com  ,www.indianhistoricalhospitality.com,NULL,NULL,11,NULL,NULL,NULL,103,9,13,NULL,NULL,NULL,1,NULL,NULL,NULL,NULL,NULL,NULL,NULL,NULL,NULL,0,NULL,NULL,NULL,0,NULL,NULL,NULL,NULL,4,29/04/19 00:00,0,NULL,NULL,NULL
India,Rajasthan,Mandawa,Vivaana Culture Hotel,Agents,NULL,2741,Vivaana Culture Hotel,Churi Ajitgarh,Mandawa,NULL,200," 98112 76231, 98112 76800",NULL,NULL,heritage@vivaana.com,http://www.vivaana.com,NULL,NULL,NULL,NULL,2740,NULL,265,27,13,NULL,NULL,NULL,1,NULL,NULL,NULL,NULL,NULL,NULL,NULL,NULL,NULL,0,NULL,NULL,NULL,0,NULL,NULL,NULL,NULL,NULL,NULL,0,NULL,NULL,NULL
India,Rajasthan,Chittaurgarh,The Padmini Haveli Guesthome,Agents,NULL,2778,The Padmini Haveli Guesthome,Anna Poorna Temple Road  Shah Chowk  Village Fort-Killa  ,Chittaurgarh,312 001,200,"241 251, 241 252",NULL,AAECR8107Q,sudhirsimmu@rediffmail.com  info@thepadminihaveli.com  jayeshjayu88@gmail.com  absoluteindiatours@rediffmail.com,http://thepadminihaveli.com,NULL,NULL,1472,NULL,NULL,NULL,82,27,13,NULL,NULL,NULL,1,NULL,NULL,NULL,NULL,NULL,NULL,NULL,NULL,NULL,0,NULL,NULL,NULL,0,NULL,NULL,08AUGPS6837F1Z7,NULL,24,08/08/18 00:00,0,NULL,NULL,1
India,Uttar Pradesh,Vrindavan,Nidhivan Sarovar Portico,Agents,NULL,2798,Nidhivan Sarovar Portico,Khasra No.797  Gopalgarh Tehra Road  ,Vrindavan,281 121,200,"3037003, 3037000",NULL,AAECR9582R,,http://www.sarovarhotels.com/mathura-hotels/nidhivan-sarovar-portico-vrindavan,NULL,NULL,565,NULL,2975,NULL,599,31,13,NULL,NULL,NULL,1,NULL,NULL,NULL,NULL,NULL,NULL,NULL,NULL,NULL,0,NULL,NULL,,0,3,NULL,09AAECR9582R1Z7,NULL,24,14/01/19 00:00,0,NULL,NULL,NULL
India,Rajasthan,Jodhpur,Jodhana Heritage Resorts Pvt. Ltd,Agents,NULL,2804,Jodhana Heritage Resorts Pvt. Ltd,"Balsamand Lake Palace,   Mandore Road  ",Jodhpur,342 007,200,2572321-7,2571240,NULL,reservations@jodhanaheritage.com,www.jodhanaheritage.com,NULL,NULL,291,NULL,NULL,NULL,183,27,13,NULL,NULL,NULL,1,NULL,NULL,NULL,NULL,NULL,NULL,NULL,NULL,NULL,0,NULL,NULL,NULL,0,NULL,NULL,NULL,NULL,NULL,NULL,0,NULL,NULL,NULL
India,Madhya Pradesh,Pench,Tribal Camp,Agents,NULL,2811,Tribal Camp,Jamuntola  Pench Tiger Reserve  District: Seoni,Pench,NULL,200,NULL,NULL,NULL,sandeep@penchtribalcamp.com,http://www.penchtribalcamp.com/,NULL,NULL,NULL,NULL,NULL,NULL,506,21,13,NULL,NULL,NULL,1,NULL,NULL,NULL,NULL,NULL,NULL,NULL,NULL,NULL,0,NULL,NULL,NULL,0,2,NULL,NULL,NULL,NULL,NULL,0,NULL,NULL,NULL
India,Uttarakhand,Corbett,Tiger Camp,Agents,NULL,2814,Tiger Camp,,Corbett,NULL,200,NULL,NULL,NULL,NULL,NULL,NULL,NULL,NULL,NULL,2815,NULL,89,35,13,NULL,NULL,NULL,1,NULL,NULL,NULL,NULL,NULL,NULL,NULL,NULL,NULL,0,NULL,NULL,NULL,0,2,NULL,NULL,NULL,NULL,NULL,0,NULL,NULL,NULL
India,Uttarakhand,Rishikesh,Aloha on the Ganges,Agents,NULL,2821,Aloha on the Ganges,Tapovan  Village Gugtayani talli  Badrinath Highway  ,Rishikesh,249 192,200,4652 0000,NULL,NULL,aog@prasadheritage.com,NULL,NULL,NULL,11,NULL,1883,NULL,355,35,13,NULL,NULL,NULL,1,NULL,NULL,NULL,NULL,NULL,NULL,NULL,NULL,NULL,0,NULL,NULL,"95550 88000,",0,NULL,NULL,NULL,NULL,NULL,NULL,0,NULL,NULL,NULL
India,Uttarakhand,Corbett,The Riverview Retreat,Agents,NULL,2822,The Riverview Retreat,Zero Garjia  Dhikuli  Ramnagar,Corbett,NULL,200,"284135, 284236",284277,NULL,NULL,NULL,NULL,NULL,5947,NULL,1883,NULL,89,35,13,NULL,NULL,NULL,1,NULL,NULL,NULL,NULL,NULL,NULL,NULL,NULL,NULL,0,NULL,NULL,NULL,0,NULL,NULL,NULL,NULL,NULL,NULL,0,NULL,NULL,NULL
India,Rajasthan,Chanoud,Hotel Chanoud Garh,Agents,NULL,2836,Hotel Chanoud Garh,Village and Post Chanoud  District Pali    ,Chanod,306 602,200,282550,NULL,NULL,chanoudgarh@gmail.com,https://chanoudgarh.com,NULL,NULL,2938,NULL,NULL,NULL,603,27,13,NULL,NULL,NULL,1,NULL,NULL,NULL,NULL,NULL,NULL,NULL,NULL,NULL,0,NULL,NULL,,0,NULL,NULL,NULL,NULL,4,17/04/19 00:00,0,NULL,NULL,NULL
India,West Bengal,Sunderbans,Sunderbans Jungle Camp,Agents,NULL,2838,Sunderbans Jungle Camp,Bali Island  24 Parganas South  ,Sunderbans,NULL,200,NULL,NULL,AACCH3672G,NULL,NULL,NULL,NULL,NULL,NULL,2839,NULL,575,32,13,NULL,NULL,NULL,1,NULL,NULL,NULL,NULL,NULL,NULL,NULL,NULL,NULL,0,NULL,NULL,NULL,0,NULL,NULL,19AACCH3672G1ZI,NULL,3,08/08/18 00:00,0,NULL,NULL,1
India,West Bengal,Kolkata,Help Tourism,Agents,NULL,2839,Help Tourism,Sadananda Kuthi (1st Floor)  67A - Kali Temple Road  Kalighat,Kolkata,700 026,200,"24550917, 24549719",24854584,AACCH3672G,kolkata@helptourism.com  asit.helptourism@gmail.com  info@helptourism.com,http://www.helptourism.com/,NULL,NULL,33,NULL,NULL,NULL,69,32,13,NULL,NULL,NULL,1,NULL,NULL,NULL,NULL,NULL,NULL,NULL,NULL,NULL,0,NULL,NULL,NULL,0,NULL,NULL,19AACCH3672G1ZI,NULL,24,20/02/18 00:00,0,NULL,NULL,NULL
India,Jammu & Kashmir,Srinagar,Hill Tours,Agents,NULL,2840,Hill Tours,"14A, Poloview",Srinagar,NULL,200,"247 7677, 247 7190, 247 7193",245 2477,NULL,hilltour@live.com  hilltour@vsnl.com  hilltour@bsnl.in,www.wangnoo.com,NULL,NULL,194,NULL,NULL,NULL,390,14,13,NULL,NULL,NULL,1,NULL,NULL,NULL,NULL,NULL,NULL,NULL,NULL,NULL,0,NULL,NULL,NULL,0,NULL,NULL,NULL,NULL,NULL,NULL,0,NULL,NULL,NULL
India,Jammu & Kashmir,Srinagar,Kashmir Caravans,Agents,NULL,2844,Kashmir Caravans,New Airport Road  Near Humhama Chowk,Srinagar,NULL,200,230 3035,NULL,NULL,muzaffar@kashmircaravans.com,www.kashmircaravans.com,NULL,NULL,194,NULL,NULL,NULL,390,14,13,NULL,NULL,NULL,1,NULL,NULL,NULL,NULL,NULL,NULL,NULL,NULL,NULL,0,NULL,NULL,NULL,0,NULL,NULL,NULL,NULL,NULL,NULL,0,NULL,NULL,NULL
India,Goa,Goa,Viking Trails,Agents,NULL,2858,Viking Trails,"B2, Sea View Apartment  Next to China Town Restaurant  Vagator",Goa,403 509,200,2273731,NULL,NULL,vikingtrails@hotmail.com,NULL,NULL,NULL,832,NULL,NULL,NULL,139,10,13,NULL,NULL,NULL,1,NULL,NULL,NULL,NULL,NULL,NULL,NULL,NULL,NULL,0,NULL,NULL,NULL,0,NULL,NULL,NULL,NULL,NULL,NULL,0,NULL,NULL,NULL
India,Uttarakhand,Rishikesh,Seventh Heaven Inn,Agents,NULL,2860,Seventh Heaven Inn,Tapovan Laxman Jhula  District:Tehri Garhwal   ,Rishikesh,249 192,200,244 2137,NULL,DOAPS8814F,reservations@seventhheaveninnrishikesh.com  ,http://seventhheaveninnrishikesh.com/,NULL,NULL,135,NULL,NULL,NULL,355,35,13,NULL,NULL,NULL,1,NULL,NULL,NULL,NULL,NULL,NULL,NULL,NULL,NULL,0,NULL,NULL,NULL,0,2,NULL,05DOAPS8814F1ZV,NULL,24,21/08/18 00:00,0,NULL,NULL,1
India,Assam,Dibrugarh,Purvi Discovery Pvt Ltd,Agents,NULL,2861,Purvi Discovery Pvt Ltd,P.O. Jalannagar  ,Dibrugarh,786 005,200,"230 1120, 230 0035",2301944,NULL,purvidiscovery@purvidiscovery.com   ,www.assamteatourism.com  www.purvidiscovery.com,NULL,NULL,373,NULL,NULL,NULL,114,4,13,NULL,NULL,NULL,1,NULL,NULL,NULL,NULL,NULL,NULL,NULL,NULL,NULL,0,NULL,NULL,NULL,0,NULL,NULL,NULL,NULL,4,01/02/21 00:00,0,NULL,NULL,NULL
India,Delhi,Delhi,IRCTC,Agents,NULL,2865,IRCTC,IRCTC COPORATE OFFICE  9th Floor Bank of Baroda Building  16 Parliament Street,Delhi,110 001,200,"23311263/64, 23314752, 23312061",23311259,NULL,NULL,NULL,NULL,NULL,11,NULL,NULL,NULL,103,9,13,NULL,NULL,NULL,1,NULL,NULL,NULL,NULL,NULL,NULL,NULL,NULL,NULL,0,NULL,NULL,NULL,0,NULL,NULL,NULL,NULL,NULL,NULL,0,NULL,NULL,NULL
India,Maharashtra,Mumbai,Reality Tours & Travel,Agents,NULL,2867,Reality Tours & Travel,"Unique Business Centre   Akber House, 1st Floor, Nowroji Fardonji Rd   Colaba  ",Mumbai,400 039,200,NULL,NULL,AADCR1039C,info@realitytoursandtravel.com,http://realitytoursandtravel.com/,NULL,NULL,NULL,NULL,NULL,NULL,60,20,13,NULL,NULL,NULL,1,NULL,NULL,NULL,NULL,NULL,NULL,NULL,NULL,NULL,0,NULL,NULL,NULL,0,NULL,AADCR1039CST001,27AADCR1039C1ZT,NULL,3,08/08/18 00:00,0,NULL,NULL,1
India,Rajasthan,Udaipur,Rajputana Adventures,Agents,NULL,2871,Rajputana Adventures,"49-B, 2nd Floor, Ambamata Scheme  Opp. Rani Palace Hotel",Udaipur,313 001,200,241 1578,NULL,NULL,info@rajasthancyclingtours.com  rajputanaadventures@gmail.com,"http://www.rajasthancyclingtours.com/ , www.rajputanaadventures.com, www.rajasthantrekking.com",NULL,NULL,294,NULL,NULL,NULL,407,27,13,NULL,NULL,NULL,1,NULL,NULL,NULL,NULL,NULL,NULL,NULL,NULL,NULL,0,NULL,NULL,NULL,0,NULL,NULL,NULL,NULL,4,22/12/17 00:00,0,NULL,NULL,NULL
India,Assam,Dibrugarh,Old address - North East India Safar,Agents,NULL,2873,Old address - North East India Safar,Siring Sapori  Samannoy Path,Dibrugarh,786 001,200,NULL,NULL,NULL,NULL,NULL,NULL,NULL,NULL,NULL,NULL,NULL,114,4,13,NULL,NULL,NULL,1,NULL,NULL,NULL,NULL,NULL,NULL,NULL,NULL,NULL,0,NULL,NULL,NULL,0,NULL,NULL,NULL,NULL,NULL,NULL,0,NULL,NULL,NULL
India,Assam,Dibrugarh,NE India Safar,Agents,NULL,2874,NE India Safar,Siring Sapori  Samannoy Path  ,Dibrugarh,786 001,200,NULL,NULL,AGRPD1320P,rajan_dowerah@yahoo.co.in,NULL,NULL,NULL,NULL,NULL,NULL,NULL,114,4,13,NULL,NULL,NULL,1,NULL,NULL,NULL,NULL,NULL,NULL,NULL,NULL,NULL,0,NULL,NULL,NULL,0,NULL,NULL,NULL,NULL,24,08/08/18 00:00,0,NULL,NULL,4
India,Delhi,Delhi,Ramico Tours & Travels Pvt. Ltd.,Agents,NULL,2890,Ramico Tours & Travels Pvt. Ltd.,"Africa Avenue Marg, Sec-2  R.K. Puram     ",Delhi,110 022,200,"2619 3890, 2616 5399",NULL,AAECM7856K,ramicotours@gmail.com,NULL,NULL,NULL,11,NULL,NULL,NULL,103,9,13,NULL,NULL,NULL,1,NULL,NULL,NULL,NULL,NULL,NULL,NULL,NULL,NULL,0,NULL,NULL,NULL,0,NULL,AAECM7856KST001,07AAECM7856K1ZX,NULL,3,08/08/18 00:00,0,NULL,NULL,1
India,Delhi,Delhi,Ramico Tours & Travels Pvt. Ltd.,Transporters,NULL,2890,Ramico Tours & Travels Pvt. Ltd.,"Africa Avenue Marg, Sec-2  R.K. Puram     ",Delhi,110 022,200,"2619 3890, 2616 5399",NULL,AAECM7856K,ramicotours@gmail.com,NULL,NULL,NULL,11,NULL,NULL,NULL,103,9,13,NULL,NULL,NULL,1,NULL,NULL,NULL,NULL,NULL,NULL,NULL,NULL,NULL,0,NULL,NULL,NULL,0,NULL,AAECM7856KST001,07AAECM7856K1ZX,NULL,3,08/08/18 00:00,0,NULL,NULL,1
India,Uttarakhand,Almora,AyurvAID: Kalmatia,Agents,NULL,2894,AyurvAID: Kalmatia,"Kalimat Estate, Kasar Devi,  Upper Binsar Road",Almora,263 601,200,"251101, 251176",NULL,NULL,manager@kalmatia-sangam.com,www.kalmatia-sangam.com,NULL,NULL,5962,NULL,NULL,NULL,10,35,13,NULL,NULL,NULL,1,NULL,NULL,NULL,NULL,NULL,NULL,NULL,NULL,NULL,0,NULL,NULL,NULL,0,NULL,NULL,NULL,NULL,4,30/12/20 00:00,0,NULL,NULL,NULL
India,Rajasthan,Jaipur,Cyclin Jaipur,Agents,NULL,2901,Cyclin Jaipur,c/o Hotel Karnot Mahal  Ramganj Chaupar,Jaipur,NULL,200,NULL,NULL,AAHCP7305F,cyclinjaipur@gmail.com,http://www.cyclinjaipur.com/,NULL,NULL,NULL,NULL,NULL,NULL,176,27,13,NULL,NULL,NULL,1,NULL,NULL,NULL,NULL,NULL,NULL,NULL,NULL,NULL,0,NULL,NULL,"77280 60956, 77280 60651",0,NULL,NULL,08AAHCP7305F1ZG,NULL,3,08/08/18 00:00,0,NULL,NULL,1
India,Karnataka,Bangalore,Indoasia Hotels,Agents,NULL,2915,Indoasia Hotels,"102, Skylark Residency  Wind Tunnel Road, Murugeshpalya  ",Bangalore,560 017,200," 2522 7108, 2522 4327",NULL,NULL,reservations@indoasia-hotels.com   gm@indoasia-hotels.com,NULL,NULL,NULL,-80,NULL,NULL,NULL,58,15,13,NULL,NULL,NULL,1,NULL,NULL,NULL,NULL,NULL,NULL,NULL,NULL,91,0,NULL,NULL,Reservations:080-2523 2329,0,NULL,NULL,NULL,NULL,NULL,NULL,0,NULL,NULL,NULL
India,Delhi,Delhi,Jack's Adventures Pvt. Ltd.,Agents,NULL,2918,Jack's Adventures Pvt. Ltd.,H-6 / 1A Second Floor  Shahpurjat (near Jungi House)   ,Delhi,110 049,200,6464 5906,NULL,AACCJ9724F,info@delhibycycle.com,www.delhibycycle.com,NULL,NULL,11,NULL,NULL,NULL,103,9,13,NULL,NULL,NULL,1,NULL,NULL,NULL,NULL,NULL,NULL,NULL,NULL,NULL,0,NULL,NULL,98117 23720,0,NULL,NULL,07AACCJ9724F1ZI,NULL,3,08/08/18 00:00,0,NULL,NULL,1
India,Gujarat,Ahmedabad,Indo West Tours,Agents,NULL,2924,Indo West Tours,"202, Hrishkesh II  Near Havmor Restaurant  Navrangpura  ",Ahmedabad,380 009,200,26447075,NULL,AKSPB0988Q,anil@indowesttours.com  indowesttours@hotmail.com,www.indowesttours.com  www.mandvibeach.com  www.safariresortsomnath.com,NULL,NULL,79,NULL,NULL,NULL,12,11,13,NULL,NULL,NULL,1,NULL,NULL,NULL,NULL,NULL,NULL,NULL,NULL,NULL,0,NULL,NULL,NULL,0,NULL,AKSPB0988QSD001,24AKSPB0988Q1ZF,NULL,3,08/08/18 00:00,0,NULL,NULL,1
India,Assam,Guwahati,Clubside Tours & Travels Pvt Ltd,Agents,NULL,2925,Clubside Tours & Travels Pvt Ltd,"Orion Tower, Office No. 405, 4th Floor  Near Christan Basti  G.S. Road",Guwahati,781 005,200,"2340123, 2346123",NULL,NULL,guwahati@clubside.in,www.clubside.in,NULL,NULL,361,NULL,NULL,NULL,135,4,13,NULL,NULL,NULL,1,NULL,NULL,NULL,NULL,NULL,NULL,NULL,NULL,NULL,0,NULL,NULL,NULL,0,NULL,NULL,NULL,NULL,NULL,NULL,0,NULL,NULL,NULL
India,Chhattisgarh,Bhoramdeo,Bhoramdeo Jungle Retreat,Agents,NULL,2937,Bhoramdeo Jungle Retreat,P.O. Village Chaura  District Kawardha,Bhoramdeo,491 995,200,NULL,NULL,NULL,sunny@bhoramdeojungleretreat.com  sabrina.hug@gmx.ch  sophie@sophiehartman.com,http://www.bhoramdeojungleretreat.com/,NULL,NULL,NULL,NULL,NULL,NULL,616,34,13,NULL,NULL,NULL,1,NULL,NULL,NULL,NULL,NULL,NULL,NULL,NULL,NULL,0,NULL,NULL,"8817677460, 8085664333",0,NULL,NULL,NULL,NULL,4,17/04/18 00:00,0,NULL,NULL,NULL
India,Goa,Goa,The Bay Agonda,Agents,NULL,2953,The Bay Agonda,Near Salleri Bridge,Goa,403 702,200,"2647977, 2647333 ,",NULL,AAKFT0737H,thebayagonda@gmail.com,NULL,NULL,NULL,832,NULL,NULL,NULL,139,10,13,NULL,NULL,NULL,1,NULL,NULL,NULL,NULL,NULL,NULL,NULL,NULL,NULL,0,NULL,NULL,8600313111,0,3,NULL,30AAKFT0737H1ZE,NULL,26,30/04/19 00:00,0,NULL,NULL,1
India,Assam,Guwahati,Assam Bengal Navigation Company,Agents,NULL,2968,Assam Bengal Navigation Company,"C/o 3B, Dirang Arcade  GNB Rd., Chandmari",Guwahati,NULL,200,2667871-72-73,NULL,NULL,sales@assambengal.in,www.assambengalnavigation.com,NULL,NULL,361,NULL,NULL,NULL,135,4,13,NULL,NULL,NULL,1,NULL,NULL,NULL,NULL,NULL,NULL,NULL,NULL,NULL,0,NULL,NULL,"92070 42330-31, 9209200013",0,NULL,NULL,NULL,NULL,4,07/08/17 00:00,0,NULL,NULL,NULL
India,Delhi,Delhi,Birdres Technologies Private Limited,Agents,NULL,2970,Birdres Technologies Private Limited,"E-9, Connaught House  Connaught Place",Delhi,110001,200,NULL,NULL,NULL,contact@birdres.com  help@birdres.com,NULL,NULL,NULL,NULL,NULL,NULL,NULL,103,9,13,NULL,NULL,NULL,1,NULL,NULL,NULL,NULL,NULL,NULL,NULL,NULL,NULL,0,NULL,NULL,NULL,0,NULL,NULL,07AAACE6739M1Z9,NULL,3,08/08/18 00:00,0,NULL,NULL,1
India,Rajasthan,Sawai Madhopur,Ranthambhore Safari & Tours,Agents,NULL,2976,Ranthambhore Safari & Tours,Ranthambhore Road,Sawai Madhopur,322 001,200,220769,NULL,AEVPS8415C,ranthambhoresafari@rediffmail.com,www.ranthambhoresafaris.com,NULL,NULL,7462,NULL,NULL,NULL,369,27,13,NULL,NULL,NULL,1,NULL,NULL,NULL,NULL,NULL,NULL,NULL,NULL,NULL,0,NULL,NULL,NULL,0,NULL,NULL,08AEVPS8415C1Z1,NULL,3,08/08/18 00:00,0,NULL,NULL,1
India,Kerala,Thattekad,The Hornbill Camp,Agents,NULL,2982,The Hornbill Camp,NULL,Thattekad,NULL,200,"4012700, 2092280",2312627,AABCK9241M,mail@thehornbillcamp.com,http://thehornbillcamp.com,NULL,NULL,484,NULL,NULL,NULL,621,16,13,NULL,NULL,NULL,1,NULL,NULL,NULL,NULL,NULL,NULL,NULL,NULL,NULL,0,NULL,NULL,94460 05067,0,NULL,NULL,32AABCK9241M1ZE,NULL,4,08/04/21 00:00,0,NULL,NULL,1
India,Rajasthan,Padarla,Godwad Leopard Safari Camp,Agents,NULL,2988,Godwad Leopard Safari Camp,Mithdi River Basin  Village: Padarla  Near Jawai Leopard Conservation Zone  Bera Area,Padarla,NULL,200,NULL,NULL,NULL,NULL,http://leopardsafaricamp.com/,NULL,NULL,NULL,NULL,2871,NULL,622,27,13,NULL,NULL,NULL,1,NULL,NULL,NULL,NULL,NULL,NULL,NULL,NULL,NULL,0,NULL,NULL,99832 11191,0,NULL,NULL,NULL,NULL,4,25/10/17 00:00,0,NULL,NULL,NULL
India,Karnataka,Hampi,My Way Tour & Travel,Agents,NULL,2991,My Way Tour & Travel,Post Anegundi  District Koppal,Hampi,583 227,200,NULL,NULL,AEEPI1805D,mywaytourandtravels@gmail.com,NULL,NULL,NULL,NULL,NULL,NULL,NULL,150,15,13,NULL,NULL,NULL,1,NULL,NULL,NULL,NULL,NULL,NULL,NULL,NULL,NULL,0,NULL,NULL,94499 72230,0,NULL,NULL,NULL,NULL,26,11/09/19 00:00,0,NULL,NULL,NULL
India,Goa,Goa,Palacio do Deao,Agents,NULL,2992,Palacio do Deao,Opposite Holy Cross Church  Quepem,Goa,403 705,200,266 4029,NULL,NULL,gama.ruben@gmail.com,www.palaciododeao.com,NULL,NULL,832,NULL,NULL,NULL,139,10,13,NULL,NULL,NULL,1,NULL,NULL,NULL,NULL,NULL,NULL,NULL,NULL,NULL,0,NULL,NULL,98231 75639,0,NULL,NULL,NULL,NULL,4,14/11/17 00:00,0,NULL,NULL,NULL
India,Rajasthan,Jodhpur,Kuldeep Singh,Agents,NULL,3012,Kuldeep Singh,Sayla house  Subhash Chowk  Ratanada,Jodhpur,NULL,200,NULL,NULL,NULL,kuldeep_sayla@yahoo.com,NULL,NULL,NULL,NULL,NULL,NULL,NULL,183,27,13,NULL,NULL,NULL,1,NULL,NULL,NULL,NULL,NULL,NULL,NULL,NULL,NULL,0,NULL,NULL,NULL,0,NULL,NULL,NULL,NULL,4,02/04/18 00:00,0,NULL,NULL,NULL
India,Rajasthan,Dholpur,Raj Niwas Palace,Agents,NULL,3013,Raj Niwas Palace,Nihal Ganj,Dholpur,328 001,200,220216,NULL,NULL,NULL,http://www.dholpurpalace.com,NULL,NULL,5642,NULL,1991,NULL,627,27,13,NULL,NULL,NULL,1,NULL,NULL,NULL,NULL,NULL,NULL,NULL,NULL,NULL,0,NULL,NULL,76650 02151,0,NULL,NULL,NULL,NULL,4,08/04/18 00:00,0,NULL,NULL,NULL
India,Rajasthan,Sawai Madhopur,Palighat Chambal Safari,Agents,NULL,3014,Palighat Chambal Safari,NULL,Sawai Madhopur,NULL,200,NULL,NULL,NULL,palighatchambalsafari@gmail.com  palighat@gmail.com,NULL,NULL,NULL,NULL,NULL,NULL,NULL,369,27,13,NULL,NULL,NULL,1,NULL,NULL,NULL,NULL,NULL,NULL,NULL,NULL,NULL,0,NULL,NULL,"97834 59569, 84321 59439, 70140 71463",0,NULL,NULL,NULL,NULL,4,08/04/18 00:00,0,NULL,NULL,NULL
India,Madhya Pradesh,Bandhavgarh,Bandhav Vilas,Agents,NULL,3016,Bandhav Vilas, Village Kuchwahi,Bandhavgarh,484 661,200,NULL,NULL,NULL,NULL,http://www.bandhavvilas.com,NULL,NULL,NULL,NULL,1991,NULL,22,21,13,NULL,NULL,NULL,1,NULL,NULL,NULL,NULL,NULL,NULL,NULL,NULL,NULL,0,NULL,NULL,NULL,0,NULL,NULL,NULL,NULL,4,08/04/18 00:00,0,NULL,NULL,NULL
India,Madhya Pradesh,Kanha,Chitvan Jungle Lodge,Agents,NULL,3017,Chitvan Jungle Lodge,"Post Mukki, Tehsil Baihar District  Balaghat, Samnapur",Kanha,481 111,200,NULL,NULL,NULL,NULL,http://www.chitvan.com/,NULL,NULL,NULL,NULL,1991,NULL,205,21,13,NULL,NULL,NULL,1,NULL,NULL,NULL,NULL,NULL,NULL,NULL,NULL,NULL,0,NULL,NULL,NULL,0,NULL,NULL,NULL,NULL,4,08/04/18 00:00,0,NULL,NULL,NULL
India,Rajasthan,Bijaynagar,Bijay Niwas Palace,Agents,NULL,3018,Bijay Niwas Palace,"Model Farm,  Bijaynagar-Beawar Road  Opp Village Suti Khera   Via Bijaynagar Ajmer  Rajasthan 305624",Bijaynagar,305 624,200,,NULL,NULL,bookbijayniwas@gmail.com,http://bijayniwaspalace.com/,NULL,NULL,,NULL,NULL,NULL,51,27,13,NULL,NULL,NULL,1,NULL,NULL,NULL,NULL,NULL,NULL,NULL,NULL,NULL,0,NULL,NULL,96492 59592,0,NULL,NULL,NULL,NULL,4,13/05/19 00:00,0,NULL,NULL,NULL
India,Tamil Nadu,Ootacamund,Lymond House Ooty,Agents,NULL,3021,Lymond House Ooty,Next to Taj Savoy  Sylks Road  ,Ootacamund,643 001,200,NULL,NULL,NULL,thewildstay@yahoo.com,www.serendipityo.com,NULL,NULL,NULL,NULL,NULL,NULL,311,29,13,NULL,NULL,NULL,1,NULL,NULL,NULL,NULL,NULL,NULL,NULL,NULL,NULL,0,NULL,NULL,98431 49490,0,NULL,NULL,NULL,NULL,4,25/04/18 00:00,0,NULL,NULL,NULL
India,Maharashtra,Tadoba,Svasara Jungle Lodge,Agents,NULL,3035,Svasara Jungle Lodge,Near Kolara Gate  Tadoba-Andhari Tiger Reserve  Chimur  Chandrapur District,Tadoba,442 903,200,,NULL,NULL,info@svasararesorts.com  ranjit@svasararesorts.com,http://svasararesorts.com/,NULL,NULL,,NULL,NULL,NULL,465,20,13,NULL,NULL,NULL,1,NULL,NULL,NULL,NULL,NULL,NULL,NULL,NULL,NULL,0,NULL,NULL,93700 08008,0,1,NULL,NULL,NULL,4,07/05/18 00:00,0,NULL,NULL,NULL
India,Maharashtra,Aurangabad,Aurangabad Transport Syndicate,Agents,NULL,3039,Aurangabad Transport Syndicate,"Plot no. 7, Venkatesh Nagar  Near Ellora Hospital",Aurangabad,431 001,200,-2341432,NULL,NULL,salim@aurangabadtours.net  attixu@bsnl.in,NULL,NULL,NULL,240,NULL,NULL,NULL,173,20,13,NULL,NULL,NULL,1,NULL,NULL,NULL,NULL,NULL,NULL,NULL,NULL,NULL,0,NULL,NULL,NULL,0,NULL,NULL,27AACFA5391A1ZU,NULL,4,19/05/18 00:00,0,NULL,NULL,NULL
India,Telangana,Hyderabad,Garuda Tourism,Agents,NULL,3041,Garuda Tourism,"G10, Surekha Chambers  Greenlands  Ameerpet Road",Hyderabad,500 016,200,NULL,NULL,NULL,reddy@garudatourism.com  reddy@rightours.in,NULL,NULL,NULL,NULL,NULL,NULL,NULL,158,37,13,NULL,NULL,NULL,1,NULL,NULL,NULL,NULL,NULL,NULL,NULL,NULL,NULL,0,NULL,NULL,"98490 28399, 98661 28399, 99087 88399",0,NULL,NULL,NULL,NULL,4,21/10/20 00:00,0,NULL,NULL,NULL
India,Rajasthan,Sawai Madhopur,Bagh Safaris,Agents,NULL,3047,Bagh Safaris,The Ranthambhore Bagh  Ranthambhore Road    ,Sawai Madhopur,322 001,200,"221 728, 224 251",NULL,AAECA9971F,baghsafari@ranthambhore.com,http://www.baghsafari.com,NULL,NULL,7462,NULL,NULL,NULL,369,27,13,NULL,NULL,NULL,1,NULL,NULL,,NULL,NULL,NULL,NULL,NULL,NULL,0,NULL,NULL,"94140 30221, 94140 31221",0,NULL,NULL,08AAECA9971F1ZE (ARM TOURS),NULL,24,04/01/19 00:00,0,NULL,NULL,NULL
India,Tamil Nadu,Tiruchirappalli,South Tourism,Agents,NULL,3048,South Tourism,"No 4, Annai Avenue  Vasanth Nagar Extn  Kollidakarai  Srirangam",Tiruchirappalli,620 006,200,4226120,2432874,AAECC2485L,mathan@southtourism.in,www.southtourism.in,NULL,NULL,431,NULL,NULL,NULL,404,29,13,NULL,NULL,NULL,1,NULL,NULL,NULL,NULL,NULL,NULL,NULL,NULL,NULL,0,NULL,NULL,96009 65602,0,NULL,NULL,33AAECC2485L1ZJ,NULL,24,12/12/18 00:00,0,NULL,NULL,NULL
India,Rajasthan,Sawai Madhopur,Tiger Den Resort,Agents,NULL,3049,Tiger Den Resort,Village: Khilchipur  Near Ranthambhore National Park  ,Sawai Madhopur,322 001,200,252070,NULL,AACFT1557H,info@tigerdenresort.com,www.tigerdenresort.com,NULL,NULL,7462,NULL,NULL,NULL,369,27,13,NULL,NULL,NULL,1,NULL,NULL,NULL,NULL,NULL,NULL,NULL,NULL,NULL,0,NULL,NULL,78777 96669,0,NULL,NULL,08AACFT1557H1Z5,NULL,24,04/10/19 00:00,0,NULL,NULL,NULL
India,Maharashtra,Mumbai,Hotel Suba International,Agents,NULL,3051,Hotel Suba International,"211, Chakala Sahar Road  Andheri (E)",Mumbai,400 099,200,6707 6707,6707 6777,AACCH7515A,reservations@hotelsubainternational.com,www.subahotels.com,NULL,NULL,22,NULL,NULL,NULL,60,20,13,NULL,NULL,NULL,1,NULL,NULL,NULL,NULL,NULL,NULL,NULL,NULL,NULL,0,NULL,NULL,NULL,0,NULL,NULL,27AACCH7515A1ZZ,NULL,24,10/01/19 00:00,0,NULL,NULL,NULL
India,Tamil Nadu,Chennai,South Tourism Chennai,Agents,NULL,3062,South Tourism Chennai,NULL,Chennai,NULL,200,NULL,NULL,NULL,NULL,NULL,NULL,NULL,NULL,NULL,NULL,3048,257,29,13,NULL,NULL,NULL,1,NULL,NULL,NULL,NULL,NULL,NULL,NULL,NULL,NULL,0,NULL,NULL,NULL,0,NULL,NULL,NULL,NULL,4,14/09/18 00:00,0,NULL,NULL,NULL
India,Karnataka,Nagarhole,The Bison,Agents,NULL,3064,The Bison,"Gundathur Village  Karapura - Kabini Road  Nisana Hobli, H.D. Kote  ",Nagarhole,571 114,200,NULL,NULL,NULL,agentbookings@thebisonresort.com,http://thebisonresort.com,NULL,NULL,NULL,NULL,3065,NULL,295,15,13,NULL,NULL,NULL,1,NULL,NULL,NULL,NULL,NULL,NULL,NULL,NULL,NULL,0,NULL,NULL,NULL,0,NULL,NULL,NULL,NULL,4,16/09/18 00:00,0,NULL,NULL,NULL
India,Madhya Pradesh,Satpura,Forsyth Lodge,Agents,NULL,3081,Forsyth Lodge,"Satpura National Park, No.14/1,  Village Bija Kheri  Sohagpur, Dist., Hoshangabad  Sohagpur",Satpura,461 771,200,NULL,NULL,NULL,bookings@forsythlodge.com,https://forsythlodge.com/,NULL,NULL,NULL,NULL,NULL,NULL,632,21,13,NULL,NULL,NULL,1,NULL,NULL,NULL,NULL,NULL,NULL,NULL,NULL,NULL,0,NULL,NULL,NULL,0,NULL,NULL,NULL,NULL,4,24/10/18 00:00,0,NULL,NULL,NULL
India,Maharashtra,Tadoba,Royal Tiger Resort,Agents,NULL,3083,Royal Tiger Resort,"Chandrapur-Moharli Road,  Moharli",Tadoba,442404,200,NULL,NULL,NULL,support@royaltigertadoba.com    ,www.royaltigertadoba.com,NULL,NULL,NULL,NULL,NULL,NULL,465,20,13,NULL,NULL,NULL,1,NULL,NULL,NULL,NULL,NULL,NULL,NULL,NULL,NULL,0,NULL,NULL,"+91-74474 97818, +91-98817 17818",0,NULL,NULL,NULL,NULL,4,30/10/18 00:00,0,NULL,NULL,NULL
India,Madhya Pradesh,Pench,Pench Jungle Camp,Agents,NULL,3086,Pench Jungle Camp,"Tehsil - Kurai, District Seoni  Avarghani",Pench,480 881,200,"232817, 232843, 232844, 297016",NULL,NULL,freedom@penchjunglecamp.com pench_camp@yahoo.com,http://www.penchjunglecamp.com,NULL,NULL,7695,NULL,NULL,NULL,506,21,13,NULL,NULL,NULL,1,NULL,NULL,NULL,NULL,NULL,NULL,NULL,NULL,NULL,0,NULL,NULL,NULL,0,NULL,NULL,NULL,NULL,4,30/10/18 00:00,0,NULL,NULL,NULL
India,Maharashtra,Tadoba,Mahua Tola Tadoba,Agents,NULL,3095,Mahua Tola Tadoba,"Village Adegaon  Tehsil Chimur, District Chandrapur",Tadoba,442 904,200,NULL,NULL,NULL,NULL,https://www.vresorts.in/resorts/v-resorts-tadoba,NULL,NULL,NULL,NULL,3096,NULL,465,20,13,NULL,NULL,NULL,1,NULL,NULL,NULL,NULL,NULL,NULL,NULL,NULL,NULL,0,NULL,NULL,NULL,0,NULL,NULL,NULL,NULL,4,04/12/18 00:00,0,NULL,NULL,NULL
India,Madhya Pradesh,Pench,Mahua Vann Pench,Agents,NULL,3097,Mahua Vann Pench,Village Kuppitola  Tehsil Turai  District Seoni,Pench,480 881,200,NULL,NULL,NULL,NULL,https://www.vresorts.in/resorts/v-resorts-mahua-vann-pench,NULL,NULL,NULL,NULL,3096,NULL,506,21,13,NULL,NULL,NULL,1,NULL,NULL,NULL,NULL,NULL,NULL,NULL,NULL,NULL,0,NULL,NULL,NULL,0,NULL,NULL,NULL,NULL,4,03/12/18 00:00,0,NULL,NULL,NULL
India,Maharashtra,Mumbai,No Foot Prints,Agents,NULL,3101,No Foot Prints,"65 Pathare House, 2nd floor  Ranade Road  Shivaji Park  Dadar (W)",Mumbai,400 028,200,NULL,NULL,AKUPT9143K,info@nfpexplore.com,www.npfexplore.com,NULL,NULL,NULL,NULL,NULL,NULL,60,20,13,NULL,NULL,NULL,1,NULL,NULL,NULL,NULL,NULL,NULL,NULL,NULL,NULL,0,NULL,NULL,90299 86969,0,NULL,NULL,27AKUPT9143K1Z4,NULL,24,11/11/19 00:00,0,NULL,NULL,NULL
India,Uttar Pradesh,Bah,Mela Kothi - The Chambal Safari Lodge,Agents,NULL,3102,Mela Kothi - The Chambal Safari Lodge,Mela Kothi Road  Village and P.O. Jarar  District Agra      ,Bah,283 104,200,NULL,NULL,NULL,rpsjarar@chambalsafari.com,www.chambalsafari.com,NULL,NULL,NULL,NULL,NULL,NULL,635,31,13,NULL,NULL,NULL,1,NULL,NULL,NULL,NULL,NULL,NULL,NULL,NULL,NULL,0,NULL,NULL,"99970 66002, 98374 15512",0,NULL,NULL,NULL,NULL,4,03/06/20 00:00,0,NULL,NULL,NULL
India,Madhya Pradesh,Panna,Ken River Lodge,Agents,NULL,3103,Ken River Lodge,Panna National Park  Village Madla  (1/2 Km from Madla Police Station),Panna,488 001,200,NULL,NULL,NULL,,http://www.kenriverlodge.com/,NULL,NULL,NULL,NULL,2650,NULL,584,21,13,NULL,NULL,NULL,1,NULL,NULL,NULL,NULL,NULL,NULL,NULL,NULL,NULL,0,NULL,NULL,NULL,0,NULL,NULL,NULL,NULL,4,30/12/18 00:00,0,NULL,NULL,NULL
India,Madhya Pradesh,Bandhavgarh,Tree House Hideaway,Agents,NULL,3104,Tree House Hideaway,"Umaria-Badhavgarh Road,  Vijarhia  Umaria District",Bandhavgarh,484 661,200,NULL,NULL,NULL,NULL,https://www.treehousehideaway.com,NULL,NULL,NULL,NULL,2650,NULL,22,21,13,NULL,NULL,NULL,1,NULL,NULL,NULL,NULL,NULL,NULL,NULL,NULL,NULL,0,NULL,NULL,NULL,0,NULL,NULL,NULL,NULL,4,30/12/18 00:00,0,NULL,NULL,NULL
India,Madhya Pradesh,Satpura,Denwa Backwater Escape,Agents,NULL,3105,Denwa Backwater Escape,Near Madhai Gate  Sarangpur,Satpura,461 668,200,NULL,NULL,NULL,NULL,https://www.denwabackwaterescape.com/,NULL,NULL,NULL,NULL,2650,NULL,632,21,13,NULL,NULL,NULL,1,NULL,NULL,NULL,NULL,NULL,NULL,NULL,NULL,NULL,0,NULL,NULL,NULL,0,NULL,NULL,NULL,NULL,4,30/12/18 00:00,0,NULL,NULL,NULL
India,Madhya Pradesh,Pench,Pench Tree Lodge,Agents,NULL,3106,Pench Tree Lodge,"Seoni, Kurai  ",Pench,480 661,200,NULL,NULL,NULL,NULL,https://www.penchtreelodge.com/,NULL,NULL,NULL,NULL,2650,NULL,506,21,13,NULL,NULL,NULL,1,NULL,NULL,NULL,NULL,NULL,NULL,NULL,NULL,NULL,0,NULL,NULL,NULL,0,NULL,NULL,NULL,NULL,4,30/12/18 00:00,0,NULL,NULL,NULL
India,Goa,Goa,Shree Shiv Sai Taxi Service,Agents,NULL,3116,Shree Shiv Sai Taxi Service,"C/o Namdev Bablo Malvankar  House No. 343 by 4 Munang Vaddo  Assagao, Bardez  ",Goa,403 507,200,NULL,NULL,NULL,,NULL,NULL,NULL,NULL,NULL,NULL,NULL,139,10,13,NULL,NULL,NULL,1,NULL,NULL,NULL,NULL,NULL,NULL,NULL,NULL,NULL,0,NULL,NULL,84079 49990,0,NULL,NULL,NULL,NULL,4,02/03/20 00:00,0,NULL,NULL,NULL
India,Goa,Goa,Make It Happen,Agents,NULL,3117,Make It Happen,"MIH Thematic Trails Pvt Ltd  Solar Costa Campos  H.No C-1/143, Dr Cunha Gonsalves Road  Panjim",Goa,403 001,200,NULL,NULL,NULL,contact@makeithappen.co.in,NULL,NULL,NULL,NULL,NULL,NULL,NULL,139,10,13,NULL,NULL,NULL,1,NULL,NULL,NULL,NULL,NULL,NULL,NULL,NULL,NULL,0,NULL,NULL,NULL,0,NULL,NULL,NULL,NULL,4,16/03/19 00:00,0,NULL,NULL,NULL
India,Maharashtra,Nagzira,Asteya Nagzira,Agents,NULL,3128,Asteya Nagzira,"Nagzira Tiger Reserve  Arjuni (Sadak), Jambhali",Nagzira,441 802,200,NULL,NULL,NULL,Reservations@asteyasafaris.com,https://www.asteyasafaris.com/asteya-nagzira/,NULL,NULL,NULL,NULL,NULL,NULL,634,20,13,NULL,NULL,NULL,1,NULL,NULL,NULL,NULL,NULL,NULL,NULL,NULL,NULL,0,NULL,NULL,99670 45098,0,1,NULL,NULL,NULL,4,15/04/19 00:00,0,NULL,NULL,NULL
India,Delhi,Delhi,Jim's Jungle Retreat - Booking Office,Agents,NULL,3133,Jim's Jungle Retreat - Booking Office,23 Barakhamba Road  Narain Manzil  Penthouse 18th Floor  ,Delhi,110 001,200,"4753 7647, 4351 6376",NULL,NULL,reservations@jimsjungleretreat.com,NULL,NULL,NULL,11,NULL,NULL,NULL,103,9,13,NULL,NULL,NULL,1,NULL,NULL,NULL,NULL,NULL,NULL,NULL,NULL,NULL,0,NULL,NULL,"97117 89828, 97117 89262",0,NULL,NULL,NULL,NULL,4,17/04/19 00:00,0,NULL,NULL,NULL
India,Madhya Pradesh,Bandhavgarh,Monsoon Forest,Agents,NULL,3139,Monsoon Forest,Bandhavgarh National Park  Tala   ,Bandhavgarh,481 661,200,NULL,NULL,NULL,info@monsoonforest.com,NULL,NULL,NULL,NULL,NULL,NULL,NULL,22,21,13,NULL,NULL,NULL,1,NULL,NULL,NULL,NULL,NULL,NULL,NULL,NULL,NULL,0,NULL,NULL,84484 44902,0,3,NULL,NULL,NULL,4,21/04/19 00:00,0,NULL,NULL,NULL
India,Maharashtra,Aurangabad,JK Tours and Travels,Agents,NULL,3145,JK Tours and Travels,Madni Chowk  Center Naka Road,Aurangabad,431 001,200,6008888,NULL,NULL,info@jktrips.com,www.JKtrips.com,NULL,NULL,240,NULL,NULL,NULL,173,20,13,NULL,NULL,NULL,1,NULL,NULL,NULL,NULL,NULL,NULL,NULL,NULL,NULL,0,NULL,NULL,"98224 30488, 80557 55551",0,NULL,NULL,NULL,NULL,4,03/05/19 00:00,0,NULL,NULL,NULL
India,Goa,Goa,Agonda Serenity Resort,Agents,NULL,3151,Agonda Serenity Resort,Agonda Beach Road  Agonda,Goa,403 702,200,NULL,NULL,NULL,agondaserenityresort@gmail.com,http://www.agondaserenityresort.com/,NULL,NULL,NULL,NULL,NULL,NULL,139,10,13,NULL,NULL,NULL,1,NULL,NULL,NULL,NULL,NULL,NULL,NULL,NULL,NULL,0,NULL,NULL,94225 79392,0,NULL,NULL,NULL,NULL,4,09/05/19 00:00,0,NULL,NULL,NULL
India,Uttar Pradesh,Lucknow,Lebua Lucknow,Agents,NULL,3176,Lebua Lucknow,"Saraca Estate  19, Mall Avenue  ",Lucknow,226 001,200,2238 333,NULL,NULL,reservationslucknow@lebua.com,www.lebua.com,NULL,NULL,522,NULL,NULL,NULL,251,31,13,NULL,NULL,NULL,1,NULL,NULL,NULL,NULL,NULL,NULL,NULL,NULL,NULL,0,NULL,NULL,NULL,0,NULL,NULL,NULL,NULL,4,03/06/20 00:00,0,NULL,NULL,NULL
India,Maharashtra,Mumbai,Tamarind Global,Agents,NULL,3178,Tamarind Global,"2nd Floor, 'A' Wing, Mafatlal Chambers, NM Joshi Marg, Lower Parel East, Mumbai 400013",Mumbai,NULL,200,66802500/66802540,NULL,NULL,akshatas@tamarindglobal.com,www.tamarindglobal.com,NULL,NULL,22,NULL,NULL,NULL,60,20,13,NULL,NULL,NULL,1,NULL,NULL,NULL,NULL,NULL,NULL,NULL,NULL,NULL,0,NULL,NULL,NULL,0,NULL,NULL,NULL,NULL,26,13/09/19 00:00,0,NULL,NULL,NULL
India,Tamil Nadu,Chennai,Storytrails India Pvt Ltd,Agents,NULL,3179,Storytrails India Pvt Ltd,"21/2, TTK Road,   1st Cross,   Sriram Nagar",Chennai,600018,200,45010202,NULL,NULL,prabhat@storytrails.in  lakshmi.s@storytrails.in,www.storytrails.in,NULL,NULL,44,NULL,NULL,NULL,257,29,13,NULL,NULL,NULL,1,NULL,NULL,NULL,NULL,NULL,NULL,NULL,NULL,91,0,NULL,NULL,9940040215,0,NULL,NULL,NULL,NULL,28,26/09/19 00:00,0,NULL,NULL,NULL
India,Assam,Kaziranga,"Infinity Resort, Kaziranga",Agents,NULL,3180,"Infinity Resort, Kaziranga","Village Bochagaon, P.O. Kaziranga, Dist. Golaghat, Assam 785109",Kaziranga,NULL,200,NULL,NULL,NULL,sales@infinityresorts.com  jksingh@infinityresorts.com,www.infinityresorts.com,NULL,Hotel Number : 9911813300/96 5019 3662  Delhi Office: 0124 - 4655800/833,NULL,NULL,NULL,NULL,217,4,13,NULL,NULL,NULL,1,NULL,NULL,NULL,NULL,NULL,NULL,NULL,NULL,NULL,0,NULL,NULL,9650193664,0,NULL,NULL,NULL,NULL,26,26/09/19 00:00,0,NULL,NULL,NULL
India,Tamil Nadu,Chennai,Old Kent Resorts & Spa - Booking Office,Agents,NULL,3185,Old Kent Resorts & Spa - Booking Office,"4F, Paramount Plaza,   22, Nungambakkam High Road,   Nungambakkam",Chennai,600 034,200,NULL,NULL,NULL,reservations@oldkentestates.com  binu@oldkentestates.com,http://www.oldkentestate.com/,NULL,NULL,NULL,NULL,NULL,NULL,257,29,13,NULL,NULL,NULL,1,NULL,NULL,NULL,NULL,NULL,NULL,NULL,NULL,NULL,0,NULL,NULL,+91 97898 96454,0,NULL,NULL,NULL,NULL,4,08/11/19 00:00,0,NULL,NULL,NULL
India,West Bengal,Murshidabad,Bari Kothi,Agents,NULL,3228,Bari Kothi," Jain Patty, PO : Azimganj, Murshidabad, Pin Code : 742122",Murshidabad,742 122,200,NULL,NULL,NULL,info@barikothi.com,https://barikothi.com/,NULL,NULL,NULL,NULL,NULL,NULL,651,32,13,NULL,NULL,NULL,1,NULL,NULL,NULL,NULL,NULL,NULL,NULL,NULL,NULL,0,NULL,NULL,90512 00800,0,NULL,NULL,NULL,NULL,4,11/08/20 00:00,0,NULL,NULL,NULL
India,Rajasthan,Bera,Bera Safari Lodge,Agents,NULL,3234,Bera Safari Lodge,Leopard Safari Road  Next to Liloda Temple  Kothar Village        ,Bera,306 126,200,NULL,NULL,NULL,berasafari@gmail.com,https://www.berasafarilodge.com/,NULL,NULL,NULL,NULL,NULL,NULL,652,27,13,NULL,NULL,NULL,1,NULL,NULL,NULL,NULL,NULL,NULL,NULL,NULL,NULL,0,NULL,NULL,94133 12133,0,NULL,NULL,NULL,NULL,4,11/08/20 00:00,0,NULL,NULL,NULL
India,West Bengal,Singalila,Habre's Nest,Agents,NULL,3243,Habre's Nest,"Kaiakata, Ilam",Singalila,NULL,200,NULL,NULL,NULL,info@forestdwellers.org,https://habresnest.com/,NULL,NULL,NULL,NULL,NULL,NULL,656,32,13,NULL,NULL,NULL,1,NULL,NULL,NULL,NULL,NULL,NULL,NULL,NULL,NULL,0,NULL,NULL,62912 82879,0,NULL,NULL,NULL,NULL,4,27/08/20 00:00,0,NULL,NULL,NULL
India,Uttarakhand,Binsar,Mary Budden Estate,Agents,NULL,3245,Mary Budden Estate,The Binsar Wildlife Sanctuary  P.O. Ayarpani District  Almora,Binsar,NULL,200,NULL,NULL,NULL,contact@marybuddenestate.in,http://www.marybuddenestate.in/,NULL,NULL,NULL,NULL,NULL,NULL,56,35,13,NULL,NULL,NULL,1,NULL,NULL,NULL,NULL,NULL,NULL,NULL,NULL,NULL,0,NULL,NULL,"94113 16517, 97111 71350",0,NULL,NULL,NULL,NULL,4,13/09/20 00:00,0,NULL,NULL,NULL
India,Delhi,Delhi,Itmenaan Lodges Pvt Ltd,Agents,NULL,3249,Itmenaan Lodges Pvt Ltd,NULL,Delhi,NULL,200,4905 4722,NULL,NULL,info@itmenaanlodges.com,https://www.itmenaanlodges.com/,NULL,NULL,11,NULL,NULL,NULL,103,9,13,NULL,NULL,NULL,1,NULL,NULL,NULL,NULL,NULL,NULL,NULL,NULL,NULL,0,NULL,NULL,98187 05508,0,NULL,NULL,NULL,NULL,4,15/09/20 00:00,0,NULL,NULL,NULL
India,Rajasthan,Sariska,Sariska Safari Lodge,Agents,NULL,3304,Sariska Safari Lodge,Village Amra ka Baas  Tehsil Thanaghazi,Sariska,301 022,200,NULL,NULL,NULL,info@sariskasafarilodge.com,https://sariskasafarilodge.com/,NULL,NULL,NULL,NULL,1991,NULL,367,27,13,NULL,NULL,NULL,1,NULL,NULL,NULL,NULL,NULL,NULL,NULL,NULL,NULL,0,NULL,NULL,98107 26252,0,NULL,NULL,NULL,NULL,4,07/04/21 00:00,0,NULL,NULL,NULL
